// @generated by scripts/vsop87-jupiter.py from VSOP87B.jup; do not edit.
//
// Source: P. Bretagnon and G. Francou, "Planetary theories in rectangular and
// spherical variables: VSOP87 solutions", Astronomy and Astrophysics 202,
// 309-315 (1988), `bretagnon1988`. Version B2, heliocentric spherical
// variables, dynamical ecliptic and equinox of J2000.0. The IMCCE's file
// `VSOP87B.jup`, https://ftp.imcce.fr/pub/ephem/planets/vsop87/VSOP87B.jup
// (484519 bytes, 3625 terms in 18 blocks), sha256
// 408b5938ab39e661940b4253579f4a7a65f206926d98bec20e46aebb06cdd159.
//
// Each term is 13 bytes, little-endian: the amplitude A in six bytes, the phase
// B in five, both in units of 1e-11 (the file's own precision, so nothing is
// rounded), and a u16 index into FREQUENCIES. A term of a block is
// A cos(B + C tau), tau in Julian millennia from J2000.0 TDB.

/// The SHA-256 of the IMCCE file `VSOP87B.jup` these tables were read from.
pub const SOURCE_SHA256: &str = "408b5938ab39e661940b4253579f4a7a65f206926d98bec20e46aebb06cdd159";

/// The number of terms of the file, all 18 blocks together.
pub const SOURCE_TERMS: usize = 3625;

/// The bytes of one stored term.
pub(super) const TERM_BYTES: usize = 13;

/// The distinct frequencies C of the file, in radians per Julian millennium.
pub(super) const FREQUENCIES: [f64; 953] = [
    0.00000000000,
    0.04818410980,
    0.16005869440,
    0.21244832110,
    0.26063243090,
    0.52126486180,
    0.63313944640,
    0.75075952540,
    0.89377187730,
    0.96320784650,
    1.22384027740,
    1.27202438720,
    1.43628859850,
    1.48447270830,
    1.64453140270,
    1.69692102940,
    2.00573757010,
    2.44768055480,
    2.70831298570,
    2.92076130680,
    2.96894541660,
    3.18139373770,
    3.52311834900,
    3.93215326310,
    4.14460158420,
    4.19278569400,
    4.66586644600,
    5.41662597140,
    5.62907429250,
    5.84152261360,
    6.15033915430,
    6.21977512350,
    6.36278747540,
    6.59228213900,
    6.90109867970,
    6.95348830640,
    7.00167241620,
    7.06536289100,
    7.11354700080,
    7.16173111060,
    7.22542158540,
    7.27360569520,
    7.32599532190,
    7.63481186260,
    7.86430652620,
    8.07675484730,
    8.59801970910,
    9.56122755560,
    10.03430830760,
    10.29494073850,
    11.04570026390,
    11.77941344680,
    12.53017297220,
    12.74262129330,
    13.49338081870,
    14.22709400160,
    14.97785352700,
    16.46232623530,
    17.26547538740,
    17.40848773930,
    17.52610781830,
    18.15924726470,
    20.44686912510,
    21.34064100240,
    24.37902238820,
    25.12978191360,
    25.27279426550,
    25.86349509650,
    26.82670294300,
    27.08733537390,
    28.31117565130,
    28.45418800320,
    31.01948863700,
    31.49256938900,
    32.24332891440,
    33.94024994380,
    35.21227433100,
    35.42472265210,
    36.64856292950,
    37.87240320690,
    38.13303563780,
    39.35687591520,
    40.84134862350,
    41.05379694460,
    42.53826965290,
    43.28902917830,
    46.47042291600,
    48.75804477640,
    50.40257617910,
    52.69019803950,
    54.33472944220,
    56.62235130260,
    59.80374504030,
    63.73589830340,
    64.95973858080,
    67.66805156650,
    67.88049988760,
    69.15252427480,
    70.84944530420,
    71.60020482960,
    71.81265315070,
    72.07328558160,
    73.29712585900,
    74.78159856730,
    76.26607127560,
    77.96299230500,
    78.71375183040,
    81.00137369080,
    81.75213321620,
    81.89514556810,
    84.93352695390,
    85.82729883120,
    88.86568021700,
    92.04707395470,
    92.79783348010,
    93.53154666300,
    95.97922721780,
    97.67614824720,
    99.16062095550,
    99.91138048090,
    100.17201291180,
    100.64509366380,
    102.12956637210,
    102.57150935680,
    103.04459010880,
    103.09277421860,
    103.14095832840,
    103.61403908040,
    104.05598206510,
    104.57724692690,
    105.54045477340,
    106.27416795630,
    107.02492748170,
    107.28555991260,
    108.72184851110,
    110.20632121940,
    112.65400177420,
    113.38771495710,
    114.13847448250,
    115.62294719080,
    117.31986822020,
    121.25202148330,
    124.43341522100,
    127.47179660680,
    131.40394986990,
    134.58534360760,
    135.33610313300,
    137.03302416240,
    138.51749687070,
    140.96517742550,
    141.22580985640,
    142.44965013380,
    143.93412284210,
    148.07872442630,
    149.56319713460,
    151.04766984290,
    153.49535039770,
    155.78297225810,
    166.82867252200,
    170.76082578510,
    172.24529849340,
    173.94221952280,
    175.16605980020,
    177.87437278590,
    179.35884549420,
    181.80652604900,
    184.98791978670,
    188.92007304980,
    191.95845443560,
    195.13984817330,
    199.07200143640,
    202.25339517410,
    203.00415469950,
    203.73786788240,
    206.18554843720,
    207.67002114550,
    208.63322899200,
    209.36694217490,
    210.11770170030,
    213.29909543800,
    215.74677599280,
    216.48048917570,
    217.23124870110,
    220.41264243880,
    224.34479570190,
    227.52618943960,
    229.08009811710,
    230.56457082540,
    232.04904353370,
    234.63973644040,
    244.31858407500,
    245.54242435240,
    247.23934538180,
    248.72381809010,
    252.65597135320,
    269.92144674060,
    277.03499374140,
    280.96714700450,
    282.45161971280,
    288.08069400530,
    292.01284726840,
    295.05122865420,
    298.23262239190,
    299.12639426920,
    302.16477565500,
    303.86169668440,
    305.34616939270,
    306.83064210100,
    309.27832265580,
    312.45971639350,
    313.21047591890,
    313.94418910180,
    316.39186965660,
    319.57326339430,
    320.32402291970,
    323.50541665740,
    327.43756992050,
    330.61896365820,
    334.55111692130,
    337.73251065900,
    344.70304530790,
    350.33211960040,
    351.81659230870,
    355.74874557180,
    362.86229257260,
    366.79444583570,
    373.01422095920,
    378.64329525170,
    380.12776796000,
    381.61224066830,
    384.05992122310,
    385.54439393140,
    387.24131496080,
    391.17346822390,
    395.10562148700,
    405.25754987360,
    408.43894361130,
    409.92341631960,
    412.37109687440,
    415.29185818120,
    415.55249061210,
    416.30325013750,
    417.03696332040,
    418.52143602870,
    419.43645976540,
    419.48464387520,
    419.53282798500,
    420.44785172170,
    420.96911658350,
    421.93232443000,
    422.66603761290,
    423.41679713830,
    426.59819087600,
    429.04587143080,
    429.77958461370,
    430.53034413910,
    432.01481684740,
    433.71173787680,
    437.64389113990,
    440.82528487760,
    441.57604440300,
    446.31134681820,
    447.79581952650,
    447.93883187840,
    450.97721326420,
    451.72797278960,
    451.94042111070,
    453.42489381900,
    454.90936652730,
    456.39383923560,
    457.61767951300,
    458.84151979040,
    460.53844081980,
    462.02291352810,
    465.95506679120,
    469.88722005430,
    479.28838891550,
    483.22054217860,
    484.44438245600,
    490.07345674850,
    490.33408917940,
    491.55792945680,
    493.04240216510,
    494.26624244250,
    495.75071515080,
    497.44763618020,
    498.19839570560,
    498.67147645760,
    501.23677709140,
    501.37978944330,
    505.31194270640,
    508.35032409220,
    509.24409596950,
    511.53171782990,
    512.28247735530,
    512.42548970720,
    513.22863885930,
    514.71311156760,
    515.46387109300,
    518.64526483070,
    519.39602435610,
    520.12973753900,
    521.61421024730,
    521.82665856840,
    522.52923398400,
    522.57741809380,
    522.62560220360,
    523.09868295560,
    523.47118997110,
    523.54062594030,
    524.06189080210,
    524.27433912320,
    525.02509864860,
    525.49817940060,
    525.54636351040,
    525.75881183150,
    526.50957135690,
    526.77020378780,
    526.98265210890,
    527.24328453980,
    527.99404406520,
    528.04643369190,
    528.20649238630,
    528.25467649610,
    528.41894070740,
    528.46712481720,
    528.72775724810,
    528.79719321730,
    528.94020556920,
    529.16970023280,
    529.43033266370,
    529.47851677350,
    529.53090640020,
    529.64278098480,
    529.69096509460,
    529.73914920440,
    529.85102378900,
    529.90341341570,
    529.95159752550,
    530.21222995640,
    530.44172462000,
    530.58473697190,
    530.65417294110,
    530.91480537200,
    530.96298948180,
    531.12725369310,
    531.17543780290,
    531.33549649730,
    531.38788612400,
    532.13864564940,
    532.39927808030,
    532.61172640140,
    532.87235883230,
    533.62311835770,
    533.83556667880,
    533.88375078860,
    534.35683154060,
    535.10759106600,
    535.32003938710,
    535.84130424890,
    535.91074021810,
    536.28324723360,
    536.75632798560,
    536.80451209540,
    536.85269620520,
    537.55527162080,
    537.76771994190,
    539.25219265020,
    539.98590583310,
    540.73666535850,
    543.91805909620,
    544.66881862160,
    546.15329132990,
    546.95644048200,
    547.09945283390,
    547.85021235930,
    550.13783421970,
    551.03160609700,
    554.06998748280,
    558.00214074590,
    560.71045373160,
    561.18353448360,
    561.93429400900,
    563.63121503840,
    565.11568774670,
    567.82400073240,
    569.04784100980,
    576.16138801060,
    580.09354127370,
    586.31331639720,
    593.42686339800,
    594.65070367540,
    597.35901666110,
    598.84348936940,
    600.54041039880,
    602.98809095360,
    604.47256366190,
    605.95703637020,
    608.40471692500,
    610.69233878540,
    611.44309831080,
    617.80588578620,
    618.55664531160,
    620.25356634100,
    621.73803904930,
    623.22251175760,
    625.67019231240,
    627.36711334180,
    628.59095361920,
    628.85158605010,
    629.60234557550,
    629.86297800640,
    630.33605875840,
    631.82053146670,
    632.03297978780,
    632.26247445140,
    632.73555520340,
    632.78373931320,
    632.83192342300,
    633.30500417500,
    633.53449883860,
    633.74694715970,
    635.23141986800,
    635.70450062000,
    635.96513305090,
    636.71589257630,
    638.41281360570,
    639.89728631400,
    642.34496686880,
    643.82943957710,
    647.01083331480,
    650.94298657790,
    657.16276170140,
    661.09491496450,
    668.20846196530,
    672.14061522840,
    679.25416222920,
    683.18631549230,
    683.98946464440,
    685.47393735270,
    686.95841006100,
    696.51963761660,
    700.45179087970,
    701.93626358800,
    707.56533788050,
    711.49749114360,
    721.64941953020,
    724.83081326790,
    728.76296653100,
    731.94436026870,
    732.69511979410,
    733.42883297700,
    734.91330568530,
    735.82832942200,
    735.87651353180,
    736.83972137830,
    737.36098624010,
    738.32419408660,
    739.05790726950,
    739.80866679490,
    742.99006053260,
    745.43774108740,
    746.92221379570,
    748.40668650400,
    750.10360753340,
    754.03576079650,
    757.21715453420,
    758.77106321170,
    760.25553592000,
    761.74000862830,
    767.36908292080,
    771.30123618390,
    774.00954916960,
    775.23338944700,
    782.34693644780,
    799.61241183520,
    806.72595883600,
    810.65811209910,
    812.14258480740,
    821.70381236300,
    824.74219374880,
    827.92358748650,
    831.85574074960,
    833.55266177900,
    835.03713448730,
    835.78789401270,
    836.52160719560,
    838.96928775040,
    842.15068148810,
    842.90144101350,
    846.08283475120,
    849.26422848890,
    850.01498801430,
    853.19638175200,
    857.12853501510,
    860.30992875280,
    874.39401040250,
    878.32616366560,
    885.43971066640,
    898.77303279070,
    902.70518605380,
    906.84978763800,
    908.33426034630,
    909.81873305460,
    911.30320576290,
    912.78767847120,
    913.75088631770,
    916.93228005540,
    920.86443331850,
    927.83496796740,
    934.94851496820,
    938.12990870590,
    942.06206196900,
    944.98282327580,
    945.24345570670,
    945.99421523210,
    946.46729598410,
    946.72792841500,
    949.12742486000,
    949.17560896980,
    949.22379307960,
    951.62328952460,
    952.35700270750,
    953.10776223290,
    956.28915597060,
    960.22130923370,
    963.40270297140,
    967.33485623450,
    970.51624997220,
    976.00231191280,
    977.48678462110,
    981.63138620530,
    983.11585891360,
    984.60033162190,
    986.08480433020,
    987.30864460760,
    988.53248488500,
    990.22940591440,
    991.71387862270,
    995.64603188580,
    1012.91150727320,
    1020.02505427400,
    1021.24889455140,
    1023.95720753710,
    1025.44168024540,
    1035.00290780100,
    1038.04128918680,
    1041.22268292450,
    1045.15483618760,
    1048.33622992530,
    1049.08698945070,
    1049.82070263360,
    1052.26838318840,
    1053.75285589670,
    1053.96530421780,
    1054.71606374320,
    1055.18914449520,
    1055.44977692610,
    1056.20053645150,
    1056.46116888240,
    1056.93424963440,
    1057.89745748090,
    1058.41872234270,
    1058.63117066380,
    1058.86066532740,
    1059.22187149480,
    1059.33374607940,
    1059.38193018920,
    1059.43011429900,
    1059.54198888360,
    1059.59437851030,
    1059.90319505100,
    1060.13268971460,
    1060.34513803570,
    1060.86640289750,
    1061.82961074400,
    1062.30269149600,
    1062.56332392690,
    1063.31408345230,
    1063.57471588320,
    1064.04779663520,
    1064.79855616060,
    1065.01100448170,
    1065.60170531270,
    1066.49547719000,
    1069.67687092770,
    1070.42763045310,
    1073.60902419080,
    1077.54117745390,
    1080.72257119160,
    1087.69310584050,
    1090.40141882620,
    1091.62525910360,
    1094.80665284130,
    1098.73880610440,
    1123.11782849260,
    1124.34166877000,
    1127.04998175570,
    1128.53445446400,
    1134.16352875650,
    1140.38330388000,
    1141.13406340540,
    1144.31545714310,
    1148.24761040620,
    1151.42900414390,
    1152.17976366930,
    1155.36115740700,
    1158.54255114470,
    1159.29331067010,
    1160.02702385300,
    1162.47470440780,
    1165.65609814550,
    1166.40685767090,
    1169.58825140860,
    1173.52040467170,
    1176.70179840940,
    1201.83158032300,
    1208.94512732380,
    1215.16490244730,
    1226.21060271120,
    1230.14275597430,
    1231.62722868260,
    1251.34038462480,
    1254.52177836250,
    1258.45393162560,
    1261.63532536330,
    1262.38608488870,
    1265.56747862640,
    1268.01515918120,
    1268.74887236410,
    1269.49963188950,
    1272.68102562720,
    1276.61317889030,
    1279.79457262800,
    1288.46202830630,
    1289.94650101460,
    1291.43097372290,
    1304.92435454160,
    1329.30337692980,
    1354.43315884340,
    1357.61455258110,
    1361.54670584420,
    1363.24362687360,
    1364.72809958190,
    1365.47885910730,
    1366.21257229020,
    1368.66025284500,
    1371.84164658270,
    1372.59240610810,
    1375.77379984580,
    1379.70595310890,
    1382.88734684660,
    1408.01712876020,
    1432.39615114840,
    1438.02522544090,
    1439.50969814920,
    1440.99417085750,
    1443.44185141230,
    1446.62324515000,
    1457.52593306200,
    1464.63948006280,
    1467.82087380050,
    1471.75302706360,
    1474.67378837040,
    1474.93442080130,
    1475.68518032670,
    1478.86657406440,
    1482.79872732750,
    1485.98012106520,
    1489.91227432830,
    1493.09366806600,
    1512.80682400820,
    1514.29129671650,
    1518.22344997960,
    1542.60247236780,
    1550.93985964600,
    1553.64817263170,
    1567.73225428140,
    1570.91364801910,
    1574.84580128220,
    1578.02719501990,
    1578.77795454530,
    1581.95934828300,
    1585.14074202070,
    1585.89150154610,
    1586.62521472900,
    1587.58842257550,
    1588.10968743730,
    1589.02471117400,
    1589.07289528380,
    1589.12107939360,
    1590.03610313030,
    1591.52057583860,
    1592.25428902150,
    1593.00504854690,
    1595.29267040730,
    1596.18644228460,
    1603.29998928540,
    1621.31622419820,
    1628.42977119900,
    1670.07426897460,
    1670.82502850000,
    1674.00642223770,
    1677.93857550080,
    1685.05212250160,
    1688.23351623930,
    1688.98427576470,
    1692.16566950240,
    1696.09782276550,
    1699.27921650320,
    1731.52254541760,
    1744.85586754190,
    1751.53953141600,
    1773.91780271860,
    1781.03134971940,
    1788.14489672020,
    1791.32629045790,
    1792.07704998330,
    1795.25844372100,
    1799.19059698410,
    1802.37199072180,
    1818.15299340090,
    1819.63746610920,
    1821.12193881750,
    1834.61531963620,
    1884.12412393800,
    1887.30551767570,
    1891.23767093880,
    1894.41906467650,
    1895.16982420190,
    1895.90353738480,
    1898.35121793960,
    1902.28337120270,
    1905.46476494040,
    1909.39691820350,
    1912.57831194120,
    1966.23171782720,
    1969.20066324380,
    1987.21689815660,
    1994.33044515740,
    1997.51183889510,
    2001.44399215820,
    2004.36475346500,
    2005.37614542130,
    2008.55753915900,
    2012.48969242210,
    2015.67108615980,
    2042.49778910280,
    2043.98226181110,
    2090.30967237520,
    2097.42321937600,
    2100.60461311370,
    2104.53676637680,
    2111.65031337760,
    2114.83170711530,
    2115.58246664070,
    2118.76386037840,
    2122.69601364150,
    2124.98363550190,
    2125.87740737920,
    2199.76523406920,
    2200.51599359460,
    2203.69738733230,
    2207.62954059540,
    2210.81093433310,
    2214.74308759620,
    2218.67524085930,
    2221.85663459700,
    2225.78878786010,
    2228.97018159780,
    2274.54683263650,
    2281.23049651060,
    2310.72231481400,
    2317.83586181480,
    2321.76801507790,
    2324.94940881560,
    2332.06295581640,
    2349.32843120380,
    2413.81508903260,
    2420.92863603340,
    2424.11002977110,
    2424.86078929650,
    2428.04218303420,
    2435.15573003500,
    2498.89162833840,
    2516.90786325120,
    2524.02141025200,
    2527.20280398970,
    2531.13495725280,
    2534.31635099050,
    2538.24850425360,
    2545.36205125440,
    2627.11418447060,
    2634.22773147140,
    2641.34127847220,
    2644.52267220990,
    2648.45482547300,
    2654.67460059650,
    2655.56837247380,
    2729.45619916380,
    2730.20695868920,
    2737.32050569000,
    2744.43405269080,
    2751.54759969160,
    2755.47975295470,
    2758.66114669240,
    2803.80791460440,
    2804.23779773110,
    2810.92146160520,
    2818.03500860600,
    2840.41327990860,
    2847.52682690940,
    2854.64037391020,
    2858.57252717330,
    2861.75392091100,
    2943.50605412720,
    2950.61960112800,
    2957.73314812880,
    2964.84669512960,
    3046.59882834580,
    3053.71237534660,
    3060.82592234740,
    3067.93946934820,
    3075.05301634900,
    3156.80514956520,
    3163.91869656600,
    3171.03224356680,
    3178.14579056760,
    3185.25933756840,
    3252.78437678300,
    3259.89792378380,
    3267.01147078460,
    3274.12501778540,
    3281.23856478620,
    3340.61242669980,
    3362.99069800240,
    3370.10424500320,
    3377.21779200400,
    3384.33133900480,
    3473.19701922180,
    3480.31056622260,
    3487.42411322340,
    3494.53766022420,
    3576.28979344040,
    3583.40334044120,
    3590.51688744200,
    3597.63043444280,
    3679.38256765900,
    3686.49611465980,
    3693.60966166060,
    3700.72320866140,
    3707.83675566220,
    3782.47534187760,
    3789.58888887840,
    3796.70243587920,
    3803.81598288000,
    3899.79521009780,
    3906.90875709860,
    3914.02230409940,
    3995.77443731560,
    4002.88798431640,
    4010.00153131720,
    4017.11507831800,
    4113.09430553580,
    4120.20785253660,
    4164.31198961300,
    4216.18707975440,
    4223.30062675520,
    4230.41417375600,
    4312.16630697220,
    4319.27985397300,
    4326.39340097380,
    4333.50694797460,
    4429.48617519240,
    4443.71326919400,
    4532.57894941100,
    4539.69249641180,
    4546.80604341260,
    4635.67172362960,
    4642.78527063040,
    4649.89881763120,
    4657.01236463200,
    4694.00295470760,
    4752.99159184980,
    4841.85727206680,
    4863.19791306920,
    5069.38346150640,
    5120.60114558360,
    5172.47623572500,
    5179.58978272580,
    5216.58037280140,
    5223.69391980220,
    5230.80746680300,
    5333.90024102160,
    5371.54823716140,
    5378.66178416220,
    5385.77533116300,
    5392.88887816380,
    5481.75455838080,
    5488.86810538160,
    5584.84733259940,
    5591.96087960020,
    5621.84292321040,
    5746.27133789600,
    5753.38488489680,
    5760.49843189760,
    5798.14642803740,
    5812.37352203900,
    5901.23920225600,
    6069.77675455340,
    6151.53388830500,
    6172.86952877200,
    6231.85816591420,
    6275.96230299060,
    6283.07584999140,
    6386.16862421000,
    6681.22485339960,
    8094.52168583260,
    8521.11987670860,
    8624.21265092720,
    9050.81084180320,
    9146.79006902100,
    9153.90361602180,
    9161.01716302260,
    9264.10993724120,
    9367.20271145980,
    9492.14631500480,
    9580.50180689780,
    9676.48103411560,
    9683.59458111640,
    9690.70812811720,
    9999.98645077300,
    10103.07922499160,
    10110.19277199240,
    10206.17199921020,
    10213.28554621100,
    10316.37832042960,
    11506.76976979360,
    12036.46073488820,
    12566.15169998280,
    19896.88012732740,
    20426.57109242200,
    24498.83024629040,
    25028.52121138500,
    25551.09862947879,
    25558.21217647960,
    25565.32572348040,
    26087.90314157420,
    51116.42435295920,
    51646.11531805379,
    77204.32749453338,
    77734.01845962799,
    78263.70942472259,
];

/// The blocks of the file: the variable (1 longitude, 2 latitude, 3 radius),
/// the power of tau, and the packed terms.
pub(super) const BLOCKS: [(u8, u8, &[u8]); 18] = [
    // Variable 1, tau^0: 860 terms.
    (1, 0, b"\
        \xa6\xfd\x93\xf5\x0d\x00\x00\x00\x00\x00\x00\x00\x00\x5f\xac\xeb\x41\x02\x00\x06\xcc\x61\xdb\x75\x4e\x01\
        \x9e\x98\x30\x22\x00\x00\xbd\xd4\x47\x9f\x21\x26\x00\xd5\x20\x43\x12\x00\x00\xc8\xf9\xe7\x21\x7e\x37\x02\
        \xb8\xd2\xca\x05\x00\x00\x18\x14\x1a\x74\x60\xa1\x01\xa6\x69\x58\x04\x00\x00\x25\x12\xa6\xc2\x54\x31\x01\
        \x27\x97\xd4\x03\x00\x00\x27\x1e\xd6\x6d\x4f\x7d\x00\x70\x64\x5f\x02\x00\x00\xb4\x4d\xeb\x67\x35\xf5\x00\
        \x27\xec\x50\x02\x00\x00\x3b\x86\x9a\x9f\x1d\xd4\x00\xd5\xb4\xaa\x01\x00\x00\x4c\xf9\xb8\x8c\x29\x6b\x01\
        \xe2\x5c\xcf\x00\x00\x00\x96\x63\x8d\x74\x86\xb1\x02\x4d\xd4\x7d\x00\x00\x00\x50\x5b\x0c\x68\x53\xae\x00\
        \xc0\xcc\x85\x00\x00\x00\xe7\x21\x81\x84\x54\x07\x02\x6a\x6d\x70\x00\x00\x00\x1e\xf2\x30\x4d\x76\xc6\x01\
        \x6e\x91\x5f\x00\x00\x00\x87\xca\xde\x94\x00\xb3\x00\x0e\x4b\x5d\x00\x00\x00\xa2\xa8\xc4\x14\x69\x62\x02\
        \xb4\xd9\x4a\x00\x00\x00\x3c\x13\xd9\xc0\x1e\x87\x00\xc5\xf3\x50\x00\x00\x00\x97\x88\x9c\x6c\x1e\x37\x00\
        \x61\xf4\x50\x00\x00\x00\xdc\x3e\x08\x78\x61\x28\x02\x50\xe9\x46\x00\x00\x00\x84\x92\xaf\x6b\x6d\x17\x00\
        \x9f\x76\x2e\x00\x00\x00\xec\x9a\xeb\x81\x64\xfc\x00\x4f\xd3\x27\x00\x00\x00\x0f\xb8\x1a\x7a\x24\xea\x01\
        \x9f\xf2\x1e\x00\x00\x00\x1b\x0b\x89\xc4\x18\x15\x00\x9b\xed\x1a\x00\x00\x00\x0d\x28\x41\xdc\x31\x48\x02\
        \x5c\x4a\x1a\x00\x00\x00\xeb\x90\xc3\x58\x5a\x73\x02\xb1\x4f\x1d\x00\x00\x00\x78\x03\xad\x9f\x16\xab\x01\
        \xc7\xeb\x18\x00\x00\x00\x53\x38\x7e\x66\x53\x2a\x01\xbf\xd9\x15\x00\x00\x00\x4e\x43\x41\x0b\x64\x96\x01\
        \xd8\xd9\x0e\x00\x00\x00\x0e\xd2\xde\x67\x5f\x74\x00\xe9\x7e\x0d\x00\x00\x00\x8d\x5d\xaa\xbd\x38\xee\x00\
        \xb5\x2e\x0b\x00\x00\x00\xe3\x19\x85\xaf\x8d\xe7\x01\xd6\x27\x0b\x00\x00\x00\x9d\xbf\x11\x9d\x58\xaa\x02\
        \x03\x8f\x0a\x00\x00\x00\xda\x64\x6b\xcf\x8e\xf4\x02\x2e\xd2\x0a\x00\x00\x00\x8a\x4c\x60\x19\x1e\xcc\x01\
        \x52\x60\x09\x00\x00\x00\x96\x59\x9a\xa8\x5f\x9a\x02\x73\x8e\x07\x00\x00\x00\xe9\x79\x5d\x71\x57\xd7\x00\
        \x0f\xe1\x08\x00\x00\x00\x86\x0d\xb2\xb2\x69\xd0\x00\x70\xbb\x05\x00\x00\x00\x60\x59\x51\x80\x6d\x86\x02\
        \xf4\xf2\x05\x00\x00\x00\xeb\x8e\xcc\x04\x72\xc3\x02\x18\x34\x05\x00\x00\x00\xae\x50\x37\x0d\x85\x61\x01\
        \xda\x0a\x05\x00\x00\x00\x63\x33\x92\x5f\x6e\x01\x00\x15\xba\x06\x00\x00\x00\x2f\x9a\x29\xe0\x44\x0c\x01\
        \xf3\x5d\x06\x00\x00\x00\xd2\xb3\x52\x1c\x18\x11\x00\xce\xb9\x03\x00\x00\x00\x27\x78\x12\x8b\x79\xc0\x01\
        \xa5\xfd\x03\x00\x00\x00\xa9\x27\xf6\xb0\x2b\x09\x00\x4d\xea\x03\x00\x00\x00\xae\xa6\x63\xb5\x56\xaa\x00\
        \x8d\xfb\x03\x00\x00\x00\x43\xe9\x76\x1a\x13\xe4\x00\xdd\x5c\x03\x00\x00\x00\xee\x9e\x98\x71\x26\x72\x01\
        \x07\x15\x03\x00\x00\x00\xc1\x41\x24\x12\x2a\x89\x02\xe8\x29\x03\x00\x00\x00\x69\x3a\x7f\x2e\x2b\x3b\x01\
        \xc5\x01\x03\x00\x00\x00\xd7\xee\x1a\x3a\x7b\x5e\x02\x83\x96\x03\x00\x00\x00\xfa\x02\x29\x91\x1c\xf7\x01\
        \xeb\xaa\x02\x00\x00\x00\x6f\x83\xda\x98\x89\x0c\x02\x89\x47\x02\x00\x00\x00\xbf\x30\x9f\xeb\x65\xc0\x02\
        \x5d\xac\x02\x00\x00\x00\x4e\x2a\x4d\x1f\x4b\xdb\x02\x44\xac\x02\x00\x00\x00\xc4\x19\x30\xd7\x56\x00\x02\
        \xdd\x68\x02\x00\x00\x00\x4d\x89\x24\xa0\x65\xce\x02\xaa\x1a\x02\x00\x00\x00\x22\x58\xeb\xaf\x1e\x65\x02\
        \xfa\xca\x01\x00\x00\x00\xfa\x1d\x71\x36\x3a\xb8\x02\xe8\x4b\x02\x00\x00\x00\xdf\x29\x08\xf3\x5a\x67\x00\
        \x32\xc8\x01\x00\x00\x00\xe4\xd7\x42\xe9\x4e\x05\x00\xa6\x9d\x01\x00\x00\x00\xb0\x08\x4d\x0a\x6a\x3c\x01\
        \xec\xfd\x01\x00\x00\x00\xad\x33\xc9\x0f\x61\x24\x02\x4c\x28\x02\x00\x00\x00\x68\x04\xd2\x02\x49\x19\x01\
        \xc4\x84\x01\x00\x00\x00\xbe\x86\x92\x16\x21\x60\x01\x8f\x77\x01\x00\x00\x00\x71\xfa\xe2\x81\x1b\x8c\x00\
        \x54\x66\x01\x00\x00\x00\x3e\xcc\x74\xf5\x13\x77\x02\x98\x56\x01\x00\x00\x00\x9e\x16\xb4\x57\x1c\x0b\x01\
        \xb3\x0b\x01\x00\x00\x00\xe2\x44\x20\xc3\x36\x13\x00\x3f\x02\x01\x00\x00\x00\x80\x74\x96\x6b\x7c\x96\x02\
        \x59\x2e\x01\x00\x00\x00\x87\x1c\x91\x11\x67\x51\x00\x5c\x19\x01\x00\x00\x00\x6b\xcb\xcf\xaf\x62\xf1\x02\
        \x71\xf7\x00\x00\x00\x00\x18\xf1\xbf\xde\x73\x07\x00\x1f\xe8\x00\x00\x00\x00\xa1\x67\xc8\xb8\x5f\xe5\x02\
        \x07\xf4\x00\x00\x00\x00\x4b\x89\x8a\xec\x0b\xb7\x00\xec\x03\x01\x00\x00\x00\xa4\xd1\x83\x94\x45\xfd\x02\
        \x87\xeb\x00\x00\x00\x00\xdc\x5b\xe1\x12\x60\x19\x00\xce\xda\x00\x00\x00\x00\x8f\x2a\x03\xe3\x1a\x3f\x00\
        \xda\xce\x00\x00\x00\x00\x6b\xa6\xe4\x40\x15\x31\x00\x3d\x13\x01\x00\x00\x00\x07\xbc\x65\xb7\x77\xe4\x01\
        \xbf\xca\x00\x00\x00\x00\x2f\x83\xcd\x79\x5f\x70\x02\xf7\xb5\x00\x00\x00\x00\x4e\x26\x7f\xa3\x6c\x1c\x00\
        \x95\xe3\x00\x00\x00\x00\x37\x2d\x3b\x9b\x88\x88\x03\xa7\x9c\x00\x00\x00\x00\xe7\x4f\xb9\x26\x6d\x02\x00\
        \xc1\xb6\x00\x00\x00\x00\x0e\x84\x4d\x9f\x6f\xce\x00\x8a\x99\x00\x00\x00\x00\x1a\xa5\xbc\x11\x63\xed\x01\
        \x49\xb4\x00\x00\x00\x00\x37\x85\xf3\xf8\x76\x1a\x00\x37\xd5\x00\x00\x00\x00\xb4\x61\x33\x92\x24\x14\x02\
        \x09\x98\x00\x00\x00\x00\x8e\xf0\xaf\x77\x8d\x2b\x01\x3c\x96\x00\x00\x00\x00\x88\xb7\x88\xc5\x38\x01\x01\
        \x3e\xb7\x00\x00\x00\x00\xa2\x38\x1f\x92\x52\x1b\x00\x6a\xa3\x00\x00\x00\x00\x27\xa7\xd3\xf5\x6c\xcc\x00\
        \x51\x8c\x00\x00\x00\x00\xb9\x16\x67\x10\x39\xff\x00\x8b\x99\x00\x00\x00\x00\x60\x4c\xcf\xf8\x27\x32\x00\
        \x07\x94\x00\x00\x00\x00\x39\x1d\x0c\xec\x04\x1c\x03\xbe\x92\x00\x00\x00\x00\x33\x62\xdf\x3b\x90\xe2\x01\
        \x05\x8c\x00\x00\x00\x00\x35\xa1\xdf\x73\x6b\xe8\x02\x8a\xa9\x00\x00\x00\x00\xbd\x1d\x9b\x7d\x03\x42\x01\
        \x5d\x7b\x00\x00\x00\x00\x74\x29\x68\xb7\x77\xcb\x02\xa4\x74\x00\x00\x00\x00\x90\x34\x2e\x6e\x7c\xff\x02\
        \xbf\x80\x00\x00\x00\x00\x7c\xc3\x08\x28\x7b\x70\x00\x26\x6c\x00\x00\x00\x00\x2f\x46\x64\x20\x2b\x03\x00\
        \xdd\x64\x00\x00\x00\x00\xbc\xfc\xa4\xda\x59\x05\x03\x81\x60\x00\x00\x00\x00\xd0\xe1\xc0\x59\x3d\x8a\x00\
        \x34\x84\x00\x00\x00\x00\x1f\xb9\x06\x6a\x17\xa1\x03\xb8\x5e\x00\x00\x00\x00\xcc\x48\x9c\x12\x59\xa7\x02\
        \xe7\x69\x00\x00\x00\x00\x62\xf8\xb0\x63\x41\x3d\x00\xd5\x68\x00\x00\x00\x00\xb6\x70\xf4\x58\x29\x5d\x01\
        \x64\x66\x00\x00\x00\x00\xf9\xc1\xe7\xe6\x3f\x14\x03\x2d\x78\x00\x00\x00\x00\x1d\x94\x13\xdb\x09\x0d\x00\
        \x05\x77\x00\x00\x00\x00\x42\x83\x93\x5f\x55\x23\x01\x97\x5a\x00\x00\x00\x00\x72\xeb\x6b\x8e\x4b\x15\x02\
        \xf5\x4b\x00\x00\x00\x00\x40\x0e\x82\x31\x0c\x38\x00\x83\x4b\x00\x00\x00\x00\x63\x18\x5f\x13\x71\x81\x02\
        \x69\x59\x00\x00\x00\x00\x1c\x35\x58\xa4\x59\x0e\x03\x6d\x54\x00\x00\x00\x00\x45\xe1\xf4\x14\x8c\x42\x02\
        \xc7\x4e\x00\x00\x00\x00\x23\x5a\x31\x4a\x82\x3f\x01\xb4\x5c\x00\x00\x00\x00\xae\x44\xf6\xd9\x3a\x1b\x01\
        \xde\x4e\x00\x00\x00\x00\x81\x1c\x65\xa5\x17\x99\x01\x7a\x3e\x00\x00\x00\x00\x85\x21\xf9\x82\x76\x4f\x01\
        \x06\x3f\x00\x00\x00\x00\x51\x8d\x65\xb9\x7a\x97\x00\xd9\x50\x00\x00\x00\x00\xf4\x1c\x1c\xef\x5d\xdf\x00\
        \xe8\x53\x00\x00\x00\x00\x26\xb0\x24\xf5\x1d\x4d\x00\x85\x3a\x00\x00\x00\x00\xba\xc3\xff\x2e\x71\xf0\x02\
        \x5a\x43\x00\x00\x00\x00\x76\x3b\x4c\x10\x25\x8f\x02\x7a\x3e\x00\x00\x00\x00\xf9\x97\x88\x0e\x2c\x4d\x01\
        \x25\x46\x00\x00\x00\x00\xf8\x68\x97\x28\x64\x1e\x00\xe7\x33\x00\x00\x00\x00\x82\xf6\x12\xfb\x32\x2d\x02\
        \xd9\x39\x00\x00\x00\x00\x69\xca\xf7\x6c\x14\x76\x00\x44\x37\x00\x00\x00\x00\x57\x7f\x7c\x3c\x3f\x04\x00\
        \x7a\x37\x00\x00\x00\x00\xea\x38\xbb\x30\x38\x56\x01\xe3\x3b\x00\x00\x00\x00\x17\xd0\xe4\x7c\x8d\x9a\x00\
        \xd8\x3d\x00\x00\x00\x00\xdc\xfe\x2d\xda\x5f\xa9\x01\x47\x3f\x00\x00\x00\x00\x1b\xb0\x94\x80\x40\xd4\x01\
        \xe2\x2f\x00\x00\x00\x00\xf6\xd6\xda\xc8\x3c\xeb\x00\x61\x35\x00\x00\x00\x00\x27\x55\xd0\xe5\x52\xb6\x00\
        \x9d\x3b\x00\x00\x00\x00\xcf\x0b\xf6\x9d\x41\x94\x01\x58\x39\x00\x00\x00\x00\x60\xa9\x7c\xd9\x91\x82\x01\
        \xf1\x30\x00\x00\x00\x00\xd6\x27\x9f\x61\x20\x25\x00\x53\x2d\x00\x00\x00\x00\x5c\x3a\xa2\x35\x6b\x27\x00\
        \x9c\x2d\x00\x00\x00\x00\x58\x7f\x89\xec\x53\x19\x03\x96\x2f\x00\x00\x00\x00\x2c\x31\xc1\xac\x05\x9c\x02\
        \x58\x2c\x00\x00\x00\x00\xa2\x8b\x78\xc1\x2e\x4b\x02\xe9\x2b\x00\x00\x00\x00\xdc\x97\x96\xbe\x39\xfb\x00\
        \xbe\x2a\x00\x00\x00\x00\xf5\x14\x36\x41\x75\x0f\x01\x71\x2b\x00\x00\x00\x00\xad\x4b\xc2\x47\x5e\x2c\x01\
        \xea\x2f\x00\x00\x00\x00\xa3\xac\x0d\x27\x64\x8c\x01\x5e\x33\x00\x00\x00\x00\x45\x1b\x75\x5f\x3f\x83\x02\
        \x6c\x29\x00\x00\x00\x00\xbf\xd9\xf6\x87\x48\x0b\x00\x91\x26\x00\x00\x00\x00\xf6\x58\xb0\xa2\x27\xc5\x02\
        \x4c\x2a\x00\x00\x00\x00\x95\xa7\xe6\x71\x76\x07\x03\xc4\x29\x00\x00\x00\x00\x12\x8f\x90\x88\x3a\x2b\x03\
        \x66\x31\x00\x00\x00\x00\xe0\xed\x6b\xbb\x6e\x46\x01\x64\x27\x00\x00\x00\x00\x91\xf7\x9f\x6f\x5e\x50\x00\
        \x10\x2d\x00\x00\x00\x00\xa0\xaa\x2f\xb9\x36\xad\x01\xea\x27\x00\x00\x00\x00\x20\xa6\x76\x2c\x55\x84\x00\
        \xfa\x27\x00\x00\x00\x00\x2c\x4e\xb3\xb0\x54\x22\x03\x79\x27\x00\x00\x00\x00\x65\x81\xc0\x94\x1e\xdd\x02\
        \x7a\x24\x00\x00\x00\x00\xf0\xb9\xbd\xe2\x89\x5b\x02\x5c\x22\x00\x00\x00\x00\xba\xa4\x9d\x97\x40\x21\x00\
        \xe5\x20\x00\x00\x00\x00\x22\x27\xac\x5c\x69\xbf\x02\x90\x27\x00\x00\x00\x00\x82\x62\x38\xab\x30\x25\x01\
        \x58\x20\x00\x00\x00\x00\x57\x62\x79\x91\x45\x71\x01\x19\x26\x00\x00\x00\x00\x2a\x4f\x2d\x82\x1c\x4a\x00\
        \x85\x29\x00\x00\x00\x00\xc9\x80\x91\x60\x30\x71\x00\xce\x1e\x00\x00\x00\x00\xb7\xc8\x1b\x33\x17\xec\x00\
        \x6d\x22\x00\x00\x00\x00\xa6\x12\x95\xc5\x50\x1e\x02\x05\x1f\x00\x00\x00\x00\xa5\xa0\x8a\xc4\x42\xf7\x02\
        \x7f\x21\x00\x00\x00\x00\x2a\x1a\xbf\x4d\x7b\xf0\x00\xa1\x1e\x00\x00\x00\x00\xf4\x77\x2a\x91\x8d\x62\x00\
        \x1a\x1e\x00\x00\x00\x00\x5f\xb6\x4f\x89\x27\x2d\x00\x61\x1c\x00\x00\x00\x00\x52\xc3\xb7\x60\x6c\x9a\x01\
        \xfb\x1b\x00\x00\x00\x00\xe9\xe5\x3f\xd7\x72\x2e\x02\x50\x1c\x00\x00\x00\x00\x53\xa8\xef\x78\x6b\x0b\x03\
        \x20\x1e\x00\x00\x00\x00\x50\x80\x94\xc8\x31\x4b\x00\xf5\x19\x00\x00\x00\x00\xf3\x42\x65\xa0\x0a\xa8\x01\
        \xa1\x24\x00\x00\x00\x00\x7d\xcb\x1c\xde\x5d\x28\x03\x1d\x20\x00\x00\x00\x00\x89\xb9\x19\xca\x1c\xd0\x02\
        \xc4\x18\x00\x00\x00\x00\x76\xf2\xf6\xb1\x01\xab\x00\xef\x18\x00\x00\x00\x00\x94\x7c\xda\x7d\x52\xd7\x02\
        \xdd\x1e\x00\x00\x00\x00\xd0\xd0\xef\x22\x36\xbb\x00\x46\x18\x00\x00\x00\x00\x94\x6c\xe8\xd5\x69\x12\x00\
        \xb3\x1c\x00\x00\x00\x00\xa0\x24\x40\xfa\x1c\x40\x00\x30\x1d\x00\x00\x00\x00\x8d\x5d\x89\x7f\x46\xd9\x00\
        \x66\x18\x00\x00\x00\x00\xf3\xa6\x4c\x67\x29\x41\x02\x2a\x16\x00\x00\x00\x00\x7e\x06\x8f\xb4\x77\xce\x01\
        \xdf\x16\x00\x00\x00\x00\x32\x1f\x4c\x39\x7e\x46\x00\xfd\x15\x00\x00\x00\x00\x49\x54\x9b\x84\x4b\x49\x01\
        \xe5\x1d\x00\x00\x00\x00\x93\x15\xe6\x4b\x0c\xb3\x01\x50\x15\x00\x00\x00\x00\x5e\xab\x97\xee\x4d\x30\x03\
        \xd7\x1b\x00\x00\x00\x00\xd9\xf5\x69\x68\x21\x1f\x00\x0c\x15\x00\x00\x00\x00\x21\x95\x7e\x20\x72\x61\x00\
        \xe8\x15\x00\x00\x00\x00\x32\xb8\xd2\xf9\x73\x1a\x03\xd3\x16\x00\x00\x00\x00\xa0\x70\xf7\xc4\x44\x18\x01\
        \x4f\x13\x00\x00\x00\x00\x16\x46\xa6\x2b\x7d\xbe\x01\x00\x14\x00\x00\x00\x00\xc9\x95\x74\x19\x71\x48\x00\
        \x2b\x14\x00\x00\x00\x00\x50\xf6\x35\x25\x76\x5f\x00\x82\x12\x00\x00\x00\x00\x04\xbc\x98\x15\x8e\x83\x00\
        \x0f\x13\x00\x00\x00\x00\xd6\x0e\xcb\xa6\x01\x6a\x00\xf6\x12\x00\x00\x00\x00\x06\x86\x9c\x49\x83\x0f\x00\
        \xfd\x15\x00\x00\x00\x00\x13\x72\x6e\x0c\x57\x53\x01\x77\x11\x00\x00\x00\x00\x33\xa4\x94\x93\x68\x22\x01\
        \xd9\x10\x00\x00\x00\x00\xb1\xc2\x8b\x9c\x6f\x65\x01\xb8\x10\x00\x00\x00\x00\x5e\xcf\x5e\xc1\x0c\x0c\x00\
        \x65\x11\x00\x00\x00\x00\xa9\x74\x04\xc5\x0b\x36\x01\x48\x13\x00\x00\x00\x00\x18\x00\x93\x74\x70\xfa\x00\
        \x5d\x12\x00\x00\x00\x00\xa0\x73\xdf\x8a\x4f\x35\x03\xa5\x10\x00\x00\x00\x00\x9e\x4a\x78\x2d\x3e\x7e\x01\
        \x3c\x10\x00\x00\x00\x00\xc1\xb6\x0c\x4a\x5d\x77\x00\xd1\x11\x00\x00\x00\x00\x39\x1a\xf1\x78\x35\x39\x03\
        \x3e\x11\x00\x00\x00\x00\x7d\x6a\x2e\x11\x84\x94\x02\x96\x14\x00\x00\x00\x00\x2b\x1a\x18\x98\x5a\xa8\x00\
        \xe0\x14\x00\x00\x00\x00\xa8\x5b\xe0\x55\x07\x7b\x02\x10\x0f\x00\x00\x00\x00\xe1\xf7\x0b\xde\x63\xe3\x02\
        \x83\x10\x00\x00\x00\x00\x6b\xae\x3f\x06\x7c\x16\x03\x80\x0f\x00\x00\x00\x00\xcb\xec\x5b\x5b\x6a\x8b\x02\
        \x22\x0f\x00\x00\x00\x00\xa0\xd0\x7b\x74\x24\xae\x01\x83\x10\x00\x00\x00\x00\x1b\xc6\xbc\x73\x80\x7b\x03\
        \x22\x10\x00\x00\x00\x00\x7f\xd5\xf4\x73\x41\xf1\x00\x4e\x0e\x00\x00\x00\x00\x0c\x18\x0f\x54\x65\x21\x03\
        \x00\x0e\x00\x00\x00\x00\x8d\x05\xc5\xb7\x7f\xd0\x01\xe9\x10\x00\x00\x00\x00\x7d\xf4\x53\xc7\x13\x5a\x01\
        \xfd\x0f\x00\x00\x00\x00\xee\xf6\x5b\xa7\x04\x38\x01\x48\x0d\x00\x00\x00\x00\xa3\x05\xcf\xc4\x8b\x0a\x00\
        \xa8\x0d\x00\x00\x00\x00\xa9\xa2\xae\x46\x07\x88\x01\x75\x0f\x00\x00\x00\x00\xfb\x95\x7b\xe4\x2c\x9f\x02\
        \xe3\x0c\x00\x00\x00\x00\x6e\xc1\x6f\x91\x63\x3d\x01\x92\x0c\x00\x00\x00\x00\x04\xa2\xb0\xac\x43\x0e\x02\
        \x4e\x0c\x00\x00\x00\x00\xe8\xfc\x14\xb9\x58\xc5\x00\x21\x10\x00\x00\x00\x00\xa3\x76\x06\x95\x6e\x08\x00\
        \x00\x0f\x00\x00\x00\x00\xd1\x56\x5b\x7c\x2c\xe3\x00\xf1\x0b\x00\x00\x00\x00\x8e\x2a\xdd\x8d\x26\x48\x01\
        \xc3\x0b\x00\x00\x00\x00\x26\xb2\x80\x15\x25\xb8\x00\x7d\x0c\x00\x00\x00\x00\x16\x1c\xed\x95\x88\x18\x00\
        \x2c\x0e\x00\x00\x00\x00\x43\x93\x7a\xd7\x01\x7b\x01\x74\x0b\x00\x00\x00\x00\xcb\xc6\x17\xa5\x09\x2c\x00\
        \xf4\x0c\x00\x00\x00\x00\x82\x0b\xd2\xe9\x3e\x5f\x01\x6d\x0b\x00\x00\x00\x00\x1c\x25\xcf\x35\x68\x63\x01\
        \x68\x0e\x00\x00\x00\x00\x52\xfa\x38\x4a\x09\xb7\x01\x98\x0c\x00\x00\x00\x00\xae\xce\xa1\x3b\x39\x0d\x02\
        \xf3\x0b\x00\x00\x00\x00\x43\xe0\x57\x02\x7c\x54\x01\x37\x0d\x00\x00\x00\x00\x3e\x4d\x33\xf3\x66\xd1\x00\
        \xf9\x0c\x00\x00\x00\x00\xd8\x5b\x8c\x30\x3f\x1c\x01\x8a\x0a\x00\x00\x00\x00\x7f\xdd\x79\xcc\x79\xcb\x01\
        \x07\x0e\x00\x00\x00\x00\x80\xc6\x6a\xc8\x35\xf6\x01\x3b\x0a\x00\x00\x00\x00\x35\xac\x6c\xfa\x47\x3f\x03\
        \xef\x0d\x00\x00\x00\x00\x0b\xad\xed\x17\x76\x66\x00\xed\x0a\x00\x00\x00\x00\xf0\x53\xbb\x9a\x45\x15\x01\
        \x45\x0d\x00\x00\x00\x00\x4b\xc9\x5c\xbe\x4c\xf8\x01\x18\x0d\x00\x00\x00\x00\xa0\xad\x3d\x9d\x21\x86\x01\
        \x03\x0a\x00\x00\x00\x00\x22\x09\x47\x05\x4e\xfb\x02\xf9\x09\x00\x00\x00\x00\x9b\xa7\xf1\x94\x08\x25\x02\
        \x3d\x0a\x00\x00\x00\x00\x60\x2e\xaf\x1f\x59\x2d\x01\x1c\x0d\x00\x00\x00\x00\x85\x2d\x19\x37\x19\x56\x00\
        \x45\x0d\x00\x00\x00\x00\x85\xf9\x66\x31\x59\xb2\x00\xcf\x0b\x00\x00\x00\x00\x86\x1a\xe5\xb9\x80\x92\x01\
        \xc2\x09\x00\x00\x00\x00\x7a\x35\x64\x26\x0b\x02\x02\x69\x0a\x00\x00\x00\x00\xb1\xb0\x32\x93\x0b\x31\x02\
        \x12\x09\x00\x00\x00\x00\x8f\x88\xfc\xe2\x88\x23\x03\x1b\x0a\x00\x00\x00\x00\xba\x3e\x1b\xe0\x00\x0e\x00\
        \x55\x0b\x00\x00\x00\x00\xe3\x7c\xef\x35\x3a\x39\x01\x51\x0c\x00\x00\x00\x00\xf4\x55\x80\xc1\x35\x0e\x01\
        \x97\x08\x00\x00\x00\x00\xbb\x54\x56\xd5\x5b\x49\x00\x4d\x09\x00\x00\x00\x00\x06\x5c\x79\x2e\x90\xd8\x00\
        \x9a\x09\x00\x00\x00\x00\x16\x38\xee\x46\x0f\x9a\x03\x3f\x08\x00\x00\x00\x00\x7c\xc4\x2f\xd4\x82\x39\x00\
        \x57\x08\x00\x00\x00\x00\x98\x0d\xe4\x7a\x57\xbf\x01\x66\x09\x00\x00\x00\x00\x2e\xf4\x46\x64\x35\xa9\x00\
        \x76\x08\x00\x00\x00\x00\xf6\x9a\xa3\x7d\x7e\x64\x01\x19\x08\x00\x00\x00\x00\x7d\xd4\x7b\xf3\x22\x79\x01\
        \x76\x0a\x00\x00\x00\x00\xc0\x7a\xd2\xe7\x75\x0d\x01\x1e\x08\x00\x00\x00\x00\x4b\xf3\x1f\x26\x7b\x68\x00\
        \xd4\x08\x00\x00\x00\x00\x34\xec\x51\x4a\x7d\xca\x02\x34\x09\x00\x00\x00\x00\x5c\xbf\x2d\xb1\x0f\xb9\x00\
        \xc5\x08\x00\x00\x00\x00\x6c\xf5\x35\x15\x4a\x45\x03\x88\x08\x00\x00\x00\x00\xcb\xd1\x1d\xcd\x47\x37\x01\
        \x48\x08\x00\x00\x00\x00\x65\xdc\xec\xe1\x3e\xe8\x00\x44\x08\x00\x00\x00\x00\xea\xad\xdb\x6b\x90\xb1\x00\
        \x98\x0a\x00\x00\x00\x00\xb1\xdf\xad\x13\x4a\x97\x02\x4f\x08\x00\x00\x00\x00\x1f\xbb\x33\xf2\x1c\x70\x01\
        \xf2\x07\x00\x00\x00\x00\x07\xd4\x0b\x27\x70\x31\x03\x78\x09\x00\x00\x00\x00\x0a\x3d\x7c\x40\x53\x0b\x02\
        \x9b\x07\x00\x00\x00\x00\x63\x73\x33\x47\x2d\x4c\x01\x68\x07\x00\x00\x00\x00\xab\xed\x0f\x77\x5d\x04\x03\
        \x8e\x07\x00\x00\x00\x00\x94\xfe\x11\x77\x5f\x34\x03\x08\x08\x00\x00\x00\x00\x45\x88\x88\x00\x92\xbf\x00\
        \x3c\x08\x00\x00\x00\x00\xd1\xcc\x87\x2d\x4b\xc2\x00\x24\x0a\x00\x00\x00\x00\xe1\xd1\x56\x9a\x40\xa3\x00\
        \x7f\x07\x00\x00\x00\x00\x7c\x7f\x24\x4c\x49\xe5\x00\xa9\x08\x00\x00\x00\x00\xab\x92\x14\xca\x2c\x68\x01\
        \x9b\x07\x00\x00\x00\x00\x92\x26\xf2\x49\x75\x50\x01\xe9\x07\x00\x00\x00\x00\xbd\x25\xf9\x69\x70\x3a\x00\
        \x99\x07\x00\x00\x00\x00\xbb\xe4\x08\x09\x31\x48\x03\x6b\x07\x00\x00\x00\x00\xfd\xbb\xa5\x2f\x01\x7c\x01\
        \x9c\x08\x00\x00\x00\x00\xd4\x36\x56\xf1\x0d\x3b\x03\xdf\x08\x00\x00\x00\x00\xd8\x9b\x77\xf5\x26\xc1\x01\
        \xaa\x06\x00\x00\x00\x00\xd6\xdd\x09\xcb\x7d\x3e\x00\xf4\x08\x00\x00\x00\x00\x68\x82\xed\xe6\x61\x22\x02\
        \xaa\x08\x00\x00\x00\x00\xae\xc3\x8d\x34\x55\xc6\x00\x86\x08\x00\x00\x00\x00\x11\x7f\xe1\x7a\x71\x66\x01\
        \xd1\x06\x00\x00\x00\x00\x62\x69\x53\x34\x1f\x41\x00\x41\x06\x00\x00\x00\x00\x60\x78\x88\x70\x5b\x3c\x00\
        \x28\x07\x00\x00\x00\x00\xcf\x69\x8c\x60\x07\x8e\x00\x73\x06\x00\x00\x00\x00\x67\xef\xc0\xce\x0e\x3b\x00\
        \xf9\x07\x00\x00\x00\x00\x42\xfa\xd1\xa2\x03\x89\x01\xd6\x05\x00\x00\x00\x00\xa3\xe2\x10\xcd\x58\xd5\x00\
        \x0e\x06\x00\x00\x00\x00\x86\x7d\xcb\x48\x7a\x02\x01\x3c\x07\x00\x00\x00\x00\x2e\x42\x7e\xfa\x36\x4f\x00\
        \xba\x05\x00\x00\x00\x00\x37\x0f\x26\x43\x28\x5c\x00\xa3\x05\x00\x00\x00\x00\xe9\x6b\xfa\x85\x1b\x03\x01\
        \x89\x05\x00\x00\x00\x00\x36\x67\x70\x93\x87\x6c\x00\x7c\x05\x00\x00\x00\x00\x75\x84\xdd\x10\x06\x58\x00\
        \x72\x07\x00\x00\x00\x00\x59\x36\xf2\xbc\x5e\xd2\x02\xdc\x06\x00\x00\x00\x00\xbd\x38\xb0\x3d\x36\xff\x01\
        \xcf\x05\x00\x00\x00\x00\xac\x40\x1a\x5b\x34\x30\x00\x54\x05\x00\x00\x00\x00\xc4\x23\x4d\x0e\x53\xa0\x02\
        \x78\x05\x00\x00\x00\x00\xf0\xef\xe5\xcd\x70\xc9\x00\x40\x05\x00\x00\x00\x00\xda\x1c\x9d\x43\x33\x51\x01\
        \x3b\x05\x00\x00\x00\x00\x6a\xd9\x2d\x07\x1b\x0f\x03\xe7\x06\x00\x00\x00\x00\x19\x41\xb6\xf1\x7e\x2c\x03\
        \x8e\x06\x00\x00\x00\x00\xc1\x78\xf5\x04\x91\xe3\x01\xbf\x05\x00\x00\x00\x00\x47\x93\x7b\xe4\x6f\xb9\x01\
        \x9c\x05\x00\x00\x00\x00\x83\x53\xfc\xf2\x21\x6e\x01\x79\x06\x00\x00\x00\x00\x1c\x18\xd1\xad\x00\x94\x00\
        \x14\x05\x00\x00\x00\x00\x35\x21\x7b\x20\x49\x77\x01\x3f\x05\x00\x00\x00\x00\x0f\x1a\x8d\x26\x8f\x18\x02\
        \xdc\x04\x00\x00\x00\x00\x57\x32\xc2\x95\x41\x4c\x03\x40\x05\x00\x00\x00\x00\x1b\x7d\x88\x4d\x6f\x4b\x01\
        \x71\x06\x00\x00\x00\x00\xd2\xe0\xf6\x61\x31\x3f\x02\x3f\x05\x00\x00\x00\x00\x54\x3a\x5b\x64\x21\x5f\x02\
        \xc4\x05\x00\x00\x00\x00\x7b\xcc\xad\xc3\x05\xb6\x02\x85\x05\x00\x00\x00\x00\x94\x41\x1f\x95\x47\x92\x03\
        \xdd\x04\x00\x00\x00\x00\x1f\x3e\xe3\x83\x8a\x30\x02\x6d\x05\x00\x00\x00\x00\xa4\x69\x60\xff\x42\x1f\x02\
        \xef\x04\x00\x00\x00\x00\xc7\x46\x0d\x9a\x50\x52\x00\x2d\x05\x00\x00\x00\x00\x79\x90\x54\xb9\x60\xfb\x01\
        \xa9\x04\x00\x00\x00\x00\x57\xe6\x64\xbe\x2d\xe1\x02\x8e\x04\x00\x00\x00\x00\x85\x05\xc8\x63\x6c\x01\x02\
        \xc5\x05\x00\x00\x00\x00\xb8\xd7\x35\xa5\x7a\xdd\x01\x71\x04\x00\x00\x00\x00\x0e\xb3\x69\xdf\x39\x10\x00\
        \x5e\x04\x00\x00\x00\x00\xea\xc4\x58\xa6\x58\x24\x00\x72\x04\x00\x00\x00\x00\x9c\x71\x6c\x1e\x77\xf2\x01\
        \x6b\x04\x00\x00\x00\x00\x2d\x3e\x1b\xfe\x23\xd9\x01\xc5\x05\x00\x00\x00\x00\x81\x93\x05\x5f\x6d\x9c\x01\
        \xe4\x04\x00\x00\x00\x00\x91\x29\x07\x44\x1f\xca\x01\xa6\x05\x00\x00\x00\x00\xd6\x80\x8e\x38\x81\x55\x00\
        \xf9\x04\x00\x00\x00\x00\xf9\x18\x22\xd9\x78\xee\x02\x4d\x04\x00\x00\x00\x00\xf3\x8a\x2a\x66\x6a\x40\x03\
        \x60\x05\x00\x00\x00\x00\x61\xbe\x5a\x0d\x54\xef\x00\x9d\x05\x00\x00\x00\x00\xc8\xf5\xe4\xec\x90\x9d\x00\
        \x8f\x04\x00\x00\x00\x00\x95\x63\x73\x55\x5f\xac\x00\xd5\x04\x00\x00\x00\x00\x3d\xb4\x8d\xb5\x66\xc8\x00\
        \xec\x04\x00\x00\x00\x00\xf2\xc7\x7c\x3b\x47\xd8\x02\x35\x04\x00\x00\x00\x00\xff\xf0\x16\xd9\x3b\x42\x00\
        \xce\x04\x00\x00\x00\x00\xe5\xdc\x11\x7b\x6f\x64\x02\xfc\x03\x00\x00\x00\x00\x48\x67\x8a\x58\x4b\x12\x03\
        \x3d\x05\x00\x00\x00\x00\x3e\xf6\x42\x78\x0b\xa6\x01\xb9\x04\x00\x00\x00\x00\x34\xb9\x8d\x4c\x4e\x2e\x01\
        \x06\x04\x00\x00\x00\x00\x2c\x5e\x74\x55\x2a\x12\x01\x3a\x05\x00\x00\x00\x00\x42\xe6\x00\x5b\x1d\xf4\x01\
        \x0d\x04\x00\x00\x00\x00\xf5\x9f\xdf\x4f\x5a\x44\x03\xc8\x04\x00\x00\x00\x00\xf4\x69\x95\x28\x02\xe0\x01\
        \xdf\x03\x00\x00\x00\x00\x79\xea\x92\xfe\x60\xa2\x01\xe8\x04\x00\x00\x00\x00\xad\x54\x6b\xe5\x46\x06\x01\
        \xd0\x03\x00\x00\x00\x00\x0d\x72\x82\x83\x58\x18\x03\x19\x04\x00\x00\x00\x00\x80\xcd\x26\xaf\x44\x51\x03\
        \xd8\x03\x00\x00\x00\x00\xa0\x75\xc4\xe0\x16\xa0\x01\x1a\x04\x00\x00\x00\x00\x1f\x03\xcd\x70\x33\x28\x00\
        \xe0\x03\x00\x00\x00\x00\x99\xd8\xa0\x2c\x7e\x38\x02\xc1\x03\x00\x00\x00\x00\x91\x7d\x65\x54\x14\x73\x01\
        \x14\x04\x00\x00\x00\x00\x34\x47\xc1\x20\x83\xc2\x01\x19\x04\x00\x00\x00\x00\x8a\xbb\x09\x6b\x87\x44\x00\
        \x8a\x04\x00\x00\x00\x00\x60\xc0\x6c\x4b\x00\xec\x01\x56\x04\x00\x00\x00\x00\x20\xe6\x93\x92\x54\xcf\x00\
        \x35\x04\x00\x00\x00\x00\xb0\x50\x8f\x4c\x16\x8e\x01\x05\x05\x00\x00\x00\x00\x99\x0b\x1a\x7a\x62\x6a\x02\
        \x24\x04\x00\x00\x00\x00\x52\x4f\xdb\xd6\x59\x9d\x01\x8d\x04\x00\x00\x00\x00\x7d\xc3\x94\xa4\x51\x2e\x00\
        \xa4\x03\x00\x00\x00\x00\x13\xe3\x01\xb0\x6b\x26\x02\xdb\x04\x00\x00\x00\x00\xe5\xae\x5a\x7f\x8f\x11\x01\
        \x0b\x04\x00\x00\x00\x00\x66\x33\x9a\x74\x1e\xa5\x01\xd6\x04\x00\x00\x00\x00\x72\xd2\x45\x80\x33\xb1\x03\
        \xd8\x04\x00\x00\x00\x00\xa8\x05\x84\x13\x35\x22\x00\xad\x03\x00\x00\x00\x00\x0b\x77\x88\x86\x60\x03\x02\
        \x9f\x03\x00\x00\x00\x00\xb5\x38\x11\x3c\x8e\x29\x01\x92\x03\x00\x00\x00\x00\xae\x20\x4d\xce\x8f\x0a\x02\
        \x7d\x03\x00\x00\x00\x00\x17\x48\xee\x85\x63\x06\x00\x87\x03\x00\x00\x00\x00\x95\x92\x8b\x3e\x2d\x56\x03\
        \x8a\x04\x00\x00\x00\x00\x7f\x3c\xd9\x57\x80\x14\x00\x12\x04\x00\x00\x00\x00\xa4\x6f\xa9\x9d\x26\x80\x01\
        \x85\x03\x00\x00\x00\x00\xf4\xc0\x00\xae\x46\x10\x01\x87\x03\x00\x00\x00\x00\x66\x97\x35\x28\x34\x35\x01\
        \x27\x04\x00\x00\x00\x00\xf6\x10\xf8\x22\x17\xd6\x00\xca\x03\x00\x00\x00\x00\xce\x36\xbb\x4f\x6a\xfd\x00\
        \x2e\x04\x00\x00\x00\x00\xbf\xc2\x51\xda\x64\x8f\x01\x5d\x03\x00\x00\x00\x00\xd7\x77\x0e\xb2\x41\x3d\x02\
        \x72\x03\x00\x00\x00\x00\xc0\xf4\xbd\xc2\x6f\xe6\x00\xbf\x03\x00\x00\x00\x00\xdf\x98\x28\xff\x7e\x0a\x01\
        \x12\x04\x00\x00\x00\x00\xd8\x57\x34\xdf\x86\xcd\x00\x56\x03\x00\x00\x00\x00\x9f\x04\x33\x86\x07\x52\x02\
        \x10\x03\x00\x00\x00\x00\x02\xbd\x13\x1a\x2b\xd2\x00\x0e\x03\x00\x00\x00\x00\x45\x73\x8a\xad\x46\x1d\x00\
        \x1b\x04\x00\x00\x00\x00\xde\x80\x57\xd7\x20\x65\x00\x56\x03\x00\x00\x00\x00\xbb\x39\x57\x7b\x1c\x90\x01\
        \x83\x03\x00\x00\x00\x00\x2a\x2d\x0f\xe8\x7b\x3a\x03\xdf\x03\x00\x00\x00\x00\x33\x04\x31\xb8\x33\x36\x02\
        \xcf\x02\x00\x00\x00\x00\x38\x63\x48\xae\x72\xf9\x00\xba\x03\x00\x00\x00\x00\x27\x3c\xea\xba\x5c\xe6\x01\
        \x36\x03\x00\x00\x00\x00\x48\xc6\x0c\xb3\x68\xa7\x03\xcb\x02\x00\x00\x00\x00\xee\xb8\x0e\xb0\x6b\xe7\x00\
        \xda\x02\x00\x00\x00\x00\x8f\x21\x9f\x92\x2b\x9c\x00\xc4\x02\x00\x00\x00\x00\x59\xa4\x12\x3b\x44\xf2\x00\
        \x60\x03\x00\x00\x00\x00\xfb\x2f\xe5\x9a\x46\x23\x02\xc4\x02\x00\x00\x00\x00\x4d\x4e\x38\x12\x8c\xea\x00\
        \xa7\x03\x00\x00\x00\x00\xc7\x54\xee\x21\x8c\xa1\x00\xb7\x02\x00\x00\x00\x00\x7c\x1d\x63\x75\x20\x00\x01\
        \xaf\x02\x00\x00\x00\x00\x03\x56\xb5\x5f\x47\x52\x01\xa7\x02\x00\x00\x00\x00\xee\xb6\xd7\xe8\x32\x01\x03\
        \x22\x03\x00\x00\x00\x00\x43\xa0\xc2\x8b\x13\x71\x02\xa5\x02\x00\x00\x00\x00\x01\x1b\x16\x6e\x53\xbe\x00\
        \x52\x03\x00\x00\x00\x00\xc1\xb9\xee\x26\x7f\x53\x00\x31\x03\x00\x00\x00\x00\x9b\xeb\xde\x56\x6c\x67\x01\
        \x8c\x02\x00\x00\x00\x00\xf4\xe2\xc2\x4b\x0a\x68\x02\xc7\x02\x00\x00\x00\x00\x23\x1e\xc8\x67\x16\xe2\x00\
        \x99\x02\x00\x00\x00\x00\x7f\x15\xdc\x09\x18\x95\x01\xe7\x02\x00\x00\x00\x00\x2e\xca\xeb\x00\x41\x66\x02\
        \x83\x02\x00\x00\x00\x00\x50\xc0\x5f\xa8\x75\x32\x01\x7f\x02\x00\x00\x00\x00\xb7\x2c\xfc\x6b\x62\x43\x00\
        \x4e\x03\x00\x00\x00\x00\x34\x56\x29\xf9\x4b\x5c\x02\xcb\x02\x00\x00\x00\x00\xbc\xeb\xf3\x2f\x76\x32\x02\
        \x41\x03\x00\x00\x00\x00\xe6\x26\x02\xcd\x22\x7f\x01\xf8\x02\x00\x00\x00\x00\x63\xe2\x2a\x3f\x65\x79\x00\
        \x0d\x03\x00\x00\x00\x00\x8a\xad\xf1\x66\x53\x03\x03\x79\x02\x00\x00\x00\x00\xbf\xd4\xd5\x3f\x91\xb4\x01\
        \x6f\x03\x00\x00\x00\x00\x5e\xb7\x41\x6e\x27\xc7\x02\x79\x02\x00\x00\x00\x00\x16\x85\x7a\x89\x64\x4d\x03\
        \x8b\x02\x00\x00\x00\x00\xfe\xaf\x19\x1e\x39\xab\x02\x6a\x02\x00\x00\x00\x00\x08\xa9\xb3\x70\x3e\x58\x03\
        \x86\x02\x00\x00\x00\x00\xaf\x79\xc7\x30\x43\x36\x00\xdb\x02\x00\x00\x00\x00\xb3\xb9\x30\x97\x88\x21\x01\
        \x84\x02\x00\x00\x00\x00\xef\xff\x01\x28\x6c\x57\x02\x8b\x02\x00\x00\x00\x00\x87\x73\x4a\x7d\x13\xea\x02\
        \x1c\x03\x00\x00\x00\x00\x92\xfd\xa2\xf3\x7c\xf8\x00\x81\x02\x00\x00\x00\x00\x56\x98\x9f\xf3\x6e\x81\x01\
        \x22\x03\x00\x00\x00\x00\x95\xdd\x96\x03\x87\x13\x02\xfc\x02\x00\x00\x00\x00\x33\x70\x3a\xa2\x75\xe1\x01\
        \x5c\x02\x00\x00\x00\x00\xa9\xe5\x8a\x07\x77\x60\x02\xe9\x02\x00\x00\x00\x00\x53\xab\x05\x20\x2a\x08\x03\
        \x9a\x02\x00\x00\x00\x00\xf0\xf9\xc5\x1b\x30\x45\x00\x2f\x02\x00\x00\x00\x00\xa2\x97\x7a\x15\x04\x5d\x00\
        \x8e\x02\x00\x00\x00\x00\x78\x97\xed\x09\x73\x0a\x03\xd7\x02\x00\x00\x00\x00\x88\x58\x4a\xa4\x18\x17\x01\
        \xdc\x02\x00\x00\x00\x00\x93\x10\x46\x1c\x8a\x54\x00\x3d\x02\x00\x00\x00\x00\xee\x41\x57\x2c\x54\x50\x03\
        \x79\x02\x00\x00\x00\x00\xa7\x89\x98\x32\x62\x9e\x00\xaf\x02\x00\x00\x00\x00\xf3\x43\x70\x31\x5b\x4a\x01\
        \x3a\x02\x00\x00\x00\x00\x09\x63\x0c\xb4\x3f\x5d\x03\x58\x02\x00\x00\x00\x00\xa0\xff\x68\x87\x2a\x30\x01\
        \x27\x02\x00\x00\x00\x00\x97\x95\x5e\x63\x76\x7f\x02\x07\x02\x00\x00\x00\x00\x88\xbb\x3d\x7b\x8e\xe1\x00\
        \xcf\x02\x00\x00\x00\x00\x13\x6b\x76\xf5\x13\xe0\x00\x06\x02\x00\x00\x00\x00\xea\x07\x9c\x7c\x2f\xf3\x00\
        \x03\x02\x00\x00\x00\x00\x28\xd8\xf5\xe5\x51\x44\x01\x03\x02\x00\x00\x00\x00\x59\x3e\x0c\x00\x51\x7e\x00\
        \x26\x02\x00\x00\x00\x00\x95\x00\x39\x80\x86\xf7\x00\x26\x02\x00\x00\x00\x00\x96\x91\x8f\x4c\x0e\x80\x00\
        \xef\x01\x00\x00\x00\x00\x9f\x35\xb8\x48\x38\xa4\x00\x01\x02\x00\x00\x00\x00\xe2\xf2\x6d\xef\x06\x7c\x00\
        \x19\x02\x00\x00\x00\x00\x3c\x34\x24\x94\x7f\xd7\x01\xfc\x01\x00\x00\x00\x00\xd0\x5c\xae\xed\x47\x80\x02\
        \xef\x01\x00\x00\x00\x00\xf0\x28\xdb\x55\x73\x6c\x01\xa9\x02\x00\x00\x00\x00\xad\x22\xa5\x3a\x6a\x88\x00\
        \xe4\x01\x00\x00\x00\x00\x92\xeb\x14\x67\x12\x47\x00\x11\x02\x00\x00\x00\x00\xa0\x8d\x75\x5a\x7f\xf4\x00\
        \x54\x02\x00\x00\x00\x00\x9d\xad\x1d\xfb\x73\x6e\x02\xe2\x01\x00\x00\x00\x00\xba\x15\x6f\xdf\x53\x2f\x03\
        \xec\x01\x00\x00\x00\x00\x6e\xa8\x73\x31\x5c\x76\x02\x76\x02\x00\x00\x00\x00\xd0\x35\xa5\x87\x8f\x82\x00\
        \xe0\x01\x00\x00\x00\x00\x6d\x61\xdf\x34\x14\x4c\x00\xcf\x01\x00\x00\x00\x00\x92\xcf\x96\x70\x49\xfe\x01\
        \x4a\x02\x00\x00\x00\x00\xb4\x3b\xb6\xb0\x7f\x5b\x00\xdb\x01\x00\x00\x00\x00\x28\x42\x4b\x28\x35\xeb\x02\
        \xf6\x01\x00\x00\x00\x00\xa2\x85\x81\x73\x21\x13\x01\x35\x02\x00\x00\x00\x00\xa4\xf9\xa8\x75\x2c\x85\x00\
        \xd3\x01\x00\x00\x00\x00\x7e\x49\x3d\xbe\x36\xb9\x02\xd0\x01\x00\x00\x00\x00\xfb\x0b\xc0\x20\x59\xa3\x02\
        \x5d\x02\x00\x00\x00\x00\x76\xfe\x6c\x83\x26\xd5\x01\xbb\x01\x00\x00\x00\x00\x17\x81\x71\x31\x7f\x92\x00\
        \x44\x02\x00\x00\x00\x00\xef\xd2\x13\x0a\x30\x1a\x01\x1c\x02\x00\x00\x00\x00\x8f\x71\xeb\x75\x28\x6a\x01\
        \xb1\x01\x00\x00\x00\x00\xc9\x2c\x47\x53\x06\x73\x00\x03\x02\x00\x00\x00\x00\xce\xc1\x2f\xab\x50\x58\x01\
        \xb9\x01\x00\x00\x00\x00\x7a\xb2\x4a\x27\x7b\x1d\x01\xe7\x01\x00\x00\x00\x00\xc7\x94\x3b\xc1\x86\xaa\x03\
        \x3b\x02\x00\x00\x00\x00\xdf\xd9\x9d\x6e\x56\x79\x02\xa3\x01\x00\x00\x00\x00\x77\xf2\x12\x0d\x50\x4a\x02\
        \xc4\x01\x00\x00\x00\x00\x36\x99\x5e\x09\x3c\x6f\x02\xaa\x01\x00\x00\x00\x00\x85\x4a\x41\xc3\x4a\x2a\x03\
        \x9e\x01\x00\x00\x00\x00\xe3\x05\xe1\xec\x23\x8b\x00\xa8\x01\x00\x00\x00\x00\x0c\xd9\xad\xee\x02\x75\x02\
        \x9b\x01\x00\x00\x00\x00\xc1\xdc\xeb\xbd\x48\x69\x01\xc4\x01\x00\x00\x00\x00\x45\x70\x9a\x55\x17\x89\x00\
        \xa4\x01\x00\x00\x00\x00\x06\x2f\x11\x0c\x13\x63\x02\xb2\x01\x00\x00\x00\x00\x55\x16\x7f\x6a\x08\x7d\x02\
        \x91\x01\x00\x00\x00\x00\xeb\x42\xcb\xbd\x84\x55\x02\xcd\x01\x00\x00\x00\x00\xb5\x8d\xc0\x02\x4c\x7a\x00\
        \x15\x02\x00\x00\x00\x00\x65\xbe\x4b\x5c\x3b\x96\x00\x9d\x01\x00\x00\x00\x00\xc9\x55\x25\x25\x66\x8e\x03\
        \xa9\x01\x00\x00\x00\x00\xbf\x08\xbd\xb1\x5b\x7d\x01\x86\x01\x00\x00\x00\x00\xd3\x5e\xb5\x95\x3e\x83\x01\
        \xd9\x01\x00\x00\x00\x00\x02\xe7\x49\x00\x6f\xc4\x00\x9f\x01\x00\x00\x00\x00\xf0\xce\xef\x50\x27\xe9\x00\
        \x88\x01\x00\x00\x00\x00\xfc\x92\x3f\x56\x5c\x59\x03\x81\x01\x00\x00\x00\x00\xbf\x7a\x7b\x60\x27\x5f\x03\
        \xc3\x01\x00\x00\x00\x00\x7c\x29\xc6\xd8\x7f\x8b\x01\xf3\x01\x00\x00\x00\x00\xf6\x3d\xc5\xa5\x58\x6b\x00\
        \xc6\x01\x00\x00\x00\x00\xc2\xa8\x36\x8e\x02\x8a\x01\x79\x01\x00\x00\x00\x00\xd8\xd3\x09\xa0\x91\xfa\x01\
        \xc5\x01\x00\x00\x00\x00\x1e\xb3\xa4\xe5\x59\xd3\x01\x97\x01\x00\x00\x00\x00\x84\xd0\x8a\x8d\x77\x49\x03\
        \x90\x01\x00\x00\x00\x00\x77\x9e\xaa\x7c\x67\x19\x02\xb3\x01\x00\x00\x00\x00\x98\x95\x7c\x91\x57\x33\x01\
        \x6d\x01\x00\x00\x00\x00\xbf\xf9\x36\x3f\x78\x72\x03\xc6\x01\x00\x00\x00\x00\xb5\xec\x0a\x07\x26\x11\x02\
        \x96\x01\x00\x00\x00\x00\xe9\x22\x53\x5a\x3f\x8e\x02\x5d\x01\x00\x00\x00\x00\xf5\x61\xbe\xb9\x53\x34\x02\
        \x62\x01\x00\x00\x00\x00\xf0\x3d\x7c\x74\x0e\x1f\x01\x7f\x01\x00\x00\x00\x00\x12\xea\x5a\x90\x76\x6f\x01\
        \xae\x01\x00\x00\x00\x00\x5a\x73\x94\x09\x8f\x36\x03\x87\x01\x00\x00\x00\x00\x7c\x1a\x8a\xb6\x4b\x1e\x03\
        \xcb\x01\x00\x00\x00\x00\x89\xc6\xd5\x11\x50\x8d\x00\xb3\x01\x00\x00\x00\x00\x81\x7b\x18\xc7\x53\xef\x01\
        \xa8\x01\x00\x00\x00\x00\x00\x71\x8e\x1b\x6e\x85\x02\x47\x01\x00\x00\x00\x00\xb3\xfa\x72\x01\x6a\xc4\x02\
        \x44\x01\x00\x00\x00\x00\x98\x1f\x98\xa5\x62\xac\x01\x8b\x01\x00\x00\x00\x00\xba\x15\xeb\xf7\x4b\x16\x01\
        \x4a\x01\x00\x00\x00\x00\x15\xd8\x21\xea\x8c\xb4\x00\xa1\x01\x00\x00\x00\x00\x2c\xe0\xc3\xb7\x04\xe9\x01\
        \x98\x01\x00\x00\x00\x00\xef\x42\x08\xaa\x0a\xa8\x02\x56\x01\x00\x00\x00\x00\xf6\x8e\x7d\x45\x8f\x87\x02\
        \x54\x01\x00\x00\x00\x00\xc8\x3e\xf2\xae\x40\x16\x00\x6b\x01\x00\x00\x00\x00\xe9\x84\x04\x12\x6d\x20\x03\
        \x35\x01\x00\x00\x00\x00\x79\x78\x7c\xf2\x2d\xd1\x01\x44\x01\x00\x00\x00\x00\x66\x80\xd2\x93\x07\x85\x01\
        \x2e\x01\x00\x00\x00\x00\xc2\x4c\x04\x98\x30\x3e\x01\x60\x01\x00\x00\x00\x00\xdc\xc1\xab\xa6\x77\x34\x01\
        \x60\x01\x00\x00\x00\x00\x2b\x43\x8f\xe1\x85\xdc\x01\x35\x01\x00\x00\x00\x00\x12\x00\x2c\x29\x3a\x67\x03\
        \x27\x01\x00\x00\x00\x00\x20\x65\x3c\xcc\x36\x62\x03\x2c\x01\x00\x00\x00\x00\x72\x4a\x3a\x50\x1b\xba\x01\
        \x4f\x01\x00\x00\x00\x00\x28\x19\x88\x30\x68\xac\x02\x2c\x01\x00\x00\x00\x00\x91\x80\x3b\x13\x73\x8a\x02\
        \x44\x01\x00\x00\x00\x00\xb6\xa2\x85\xb1\x64\xcb\x00\x92\x01\x00\x00\x00\x00\x7c\xc7\x47\xa4\x2f\xe8\x01\
        \x38\x01\x00\x00\x00\x00\x9b\x77\x20\xe1\x6a\xa7\x00\x20\x01\x00\x00\x00\x00\x41\x3e\xe8\x82\x34\xf1\x01\
        \x8b\x01\x00\x00\x00\x00\x05\xf8\x7b\x7f\x8b\x46\x03\x7c\x01\x00\x00\x00\x00\xb3\x82\x4a\x1b\x27\x4e\x00\
        \x52\x01\x00\x00\x00\x00\x0c\xf9\xf3\xbc\x1e\x99\x00\x87\x01\x00\x00\x00\x00\xac\xac\xb0\x44\x70\x1c\x02\
        \x4c\x01\x00\x00\x00\x00\xdb\x3d\x74\x2a\x2f\x50\x02\x1a\x01\x00\x00\x00\x00\x06\x60\xc0\x1d\x09\xaf\x00\
        \x18\x01\x00\x00\x00\x00\xa3\x17\xb3\x8c\x58\xca\x00\x82\x01\x00\x00\x00\x00\xcc\xc6\x78\xee\x91\x59\x02\
        \x25\x01\x00\x00\x00\x00\x37\xf0\x21\xa9\x69\x92\x02\x5d\x01\x00\x00\x00\x00\x5c\xaa\x93\x41\x5f\x3b\x02\
        \x2d\x01\x00\x00\x00\x00\x26\xc6\xd6\xe9\x67\xa5\x02\x3e\x01\x00\x00\x00\x00\x73\x33\xd3\x2f\x80\x7a\x03\
        \x47\x01\x00\x00\x00\x00\xec\x3d\x88\xf6\x6e\x91\x00\x18\x01\x00\x00\x00\x00\xa6\xd1\x3b\x6a\x32\x32\x03\
        \x1b\x01\x00\x00\x00\x00\x79\xd4\x30\xe6\x5a\x8f\x00\x13\x01\x00\x00\x00\x00\xfe\x5e\x72\xa4\x14\x98\x02\
        \x42\x01\x00\x00\x00\x00\xce\x2b\x9a\xcc\x39\x47\x02\x68\x01\x00\x00\x00\x00\x29\xc6\x02\x70\x0e\xa2\x02\
        \x1e\x01\x00\x00\x00\x00\xf1\xda\x5b\x67\x88\xa0\x00\x0e\x01\x00\x00\x00\x00\x0d\xb6\x74\x10\x5f\xa9\x02\
        \x6a\x01\x00\x00\x00\x00\x1b\x40\xf6\xb6\x18\xa5\x00\x4f\x01\x00\x00\x00\x00\xf5\x8a\x8e\x01\x69\x09\x03\
        \x13\x01\x00\x00\x00\x00\xa9\x47\x98\xce\x4e\x5c\x03\x3b\x01\x00\x00\x00\x00\x44\x05\x6a\xdc\x55\x90\x02\
        \xfc\x00\x00\x00\x00\x00\xb0\x03\xa2\x08\x38\x75\x00\x17\x01\x00\x00\x00\x00\x48\x31\x15\xa2\x79\x70\x03\
        \x22\x01\x00\x00\x00\x00\xb6\x75\x4f\x5b\x0e\x99\x03\xf8\x00\x00\x00\x00\x00\xee\x1b\x8d\xaa\x67\xc2\x02\
        \x2c\x01\x00\x00\x00\x00\x4f\x32\x60\x94\x47\xdc\x02\x24\x01\x00\x00\x00\x00\x6e\xa3\x63\xe7\x3e\x17\x02\
        \x02\x01\x00\x00\x00\x00\xdb\xb3\x1a\x9b\x6f\xbd\x02\x3f\x01\x00\x00\x00\x00\x22\xe3\x92\x41\x1f\x7a\x02\
        \x00\x01\x00\x00\x00\x00\x64\x26\xf8\x62\x50\x3e\x03\x45\x01\x00\x00\x00\x00\xc8\xf8\x99\xde\x81\xbc\x02\
        \xf8\x00\x00\x00\x00\x00\x51\x97\x9f\x9a\x62\xeb\x01\x16\x01\x00\x00\x00\x00\x4f\x72\x49\xea\x05\xf0\x01\
        \x2b\x01\x00\x00\x00\x00\x06\xed\xe8\xbe\x6c\x7e\x02\x27\x01\x00\x00\x00\x00\xda\x46\xab\xab\x88\x27\x03\
        \x48\x01\x00\x00\x00\x00\xab\x86\x29\x31\x8d\xd3\x02\xf5\x00\x00\x00\x00\x00\xb0\x92\x8f\xff\x6c\xb6\x03\
        \xed\x00\x00\x00\x00\x00\x33\x0e\x8c\xe7\x73\xde\x00\x2e\x01\x00\x00\x00\x00\xa9\xae\xa8\xfe\x1b\xbc\x00\
        \x2f\x01\x00\x00\x00\x00\xe0\x65\x16\xd7\x80\x02\x03\x1e\x01\x00\x00\x00\x00\x69\xeb\x71\x25\x38\x17\x03\
        \xe9\x00\x00\x00\x00\x00\xbb\x06\x02\x15\x23\xc1\x02\xfa\x00\x00\x00\x00\x00\x0a\xfb\x1e\xf3\x35\x9f\x01\
        \xee\x00\x00\x00\x00\x00\x12\x70\xac\x02\x76\x57\x03\xe3\x00\x00\x00\x00\x00\x21\xae\x31\x17\x92\xad\x02\
        \xe2\x00\x00\x00\x00\x00\x25\x0a\x59\x5f\x01\xa1\x02\x03\x01\x00\x00\x00\x00\x9b\x93\xf5\xfb\x59\xda\x01\
        \xeb\x00\x00\x00\x00\x00\xae\xd2\xe7\xdb\x03\x93\x00\xe1\x00\x00\x00\x00\x00\x9f\x49\xb8\x05\x36\x10\x03\
        \xe0\x00\x00\x00\x00\x00\xdd\xfd\xb8\x1a\x90\x74\x01\xe0\x00\x00\x00\x00\x00\x7c\x7d\xc1\x97\x4e\x4c\x02\
        \xde\x00\x00\x00\x00\x00\x30\x1a\x78\xc9\x1c\x28\x01\xf6\x00\x00\x00\x00\x00\x00\x7f\xc8\x95\x41\xa3\x01\
        \x1e\x01\x00\x00\x00\x00\xf0\x96\x9a\x61\x76\xd8\x01\x0d\x01\x00\x00\x00\x00\x1b\xa1\xea\xc9\x72\x9b\x00\
        \x14\x01\x00\x00\x00\x00\x25\xe2\xe5\x65\x7e\x16\x02\xef\x00\x00\x00\x00\x00\x6d\xfe\x4f\xbe\x10\x78\x02\
        \x19\x01\x00\x00\x00\x00\xe7\x4e\x26\xa9\x0c\xf5\x02\xda\x00\x00\x00\x00\x00\xc9\x31\xbc\x97\x43\x6f\x00\
        \xdd\x00\x00\x00\x00\x00\xd6\x3c\xcb\x45\x17\x29\x02\x1b\x01\x00\x00\x00\x00\x2f\x06\x30\x3b\x92\x64\x00\
        \x0f\x01\x00\x00\x00\x00\x7b\x7d\x76\x12\x8c\x9f\x00\xd7\x00\x00\x00\x00\x00\x39\xfd\x0c\x47\x86\xb0\x00\
        \xe4\x00\x00\x00\x00\x00\x95\x0e\x8b\xce\x1b\x3e\x02\x08\x01\x00\x00\x00\x00\x23\xee\x84\x9c\x5b\x82\x02\
        \xe4\x00\x00\x00\x00\x00\xda\x93\xb7\x63\x75\x45\x02\x27\x01\x00\x00\x00\x00\x87\x63\x15\x1e\x32\x93\x03\
        \xd9\x00\x00\x00\x00\x00\x81\x7e\x53\x92\x4b\x0c\x03\xec\x00\x00\x00\x00\x00\x3c\xfe\x29\xc7\x68\xae\x03\
        \xd3\x00\x00\x00\x00\x00\x3a\x84\xc7\x1a\x63\x76\x03\x08\x01\x00\x00\x00\x00\x56\xdf\x9c\x6e\x87\x69\x00\
        \x00\x01\x00\x00\x00\x00\x59\xbb\x01\xc7\x83\xdb\x01\xd2\x00\x00\x00\x00\x00\xa5\x1d\x60\x5f\x7b\x93\x02\
        \xd0\x00\x00\x00\x00\x00\xe5\xfa\x36\x2e\x85\x44\x02\xf1\x00\x00\x00\x00\x00\x1f\x50\xa9\x88\x91\xba\x02\
        \xeb\x00\x00\x00\x00\x00\x4a\x2b\x36\x62\x33\xa6\x02\xd4\x00\x00\x00\x00\x00\x5c\xf6\xec\x1a\x43\xbe\x02\
        \xce\x00\x00\x00\x00\x00\x24\xc4\x1b\x28\x25\x69\x03\xce\x00\x00\x00\x00\x00\xcd\x8e\xfd\x89\x4e\x2a\x02\
        \xfa\x00\x00\x00\x00\x00\x03\xea\xad\x94\x68\x9b\x02\xd5\x00\x00\x00\x00\x00\x61\x8f\x64\x12\x07\x97\x03\
        \xdf\x00\x00\x00\x00\x00\xba\x95\x08\xb8\x71\x21\x02\xd4\x00\x00\x00\x00\x00\xfb\x0b\x4b\xe7\x61\xdf\x02\
        \x0f\x01\x00\x00\x00\x00\x1c\xc7\x1b\x35\x77\xd1\x02\xd2\x00\x00\x00\x00\x00\xf9\xe1\xe6\x2f\x5f\xad\x00\
        \x1b\x01\x00\x00\x00\x00\x38\x96\x18\x0f\x2c\xd3\x00\x02\x01\x00\x00\x00\x00\x80\xaa\x81\x65\x28\xd6\x02\
        \xf8\x00\x00\x00\x00\x00\x3b\xf4\xb1\xeb\x31\xb5\x02\xd2\x00\x00\x00\x00\x00\xb2\xd2\xc0\x3e\x69\x72\x02\
        \xfc\x00\x00\x00\x00\x00\xd3\xc7\xc2\x89\x84\x81\x00\xdb\x00\x00\x00\x00\x00\x70\x0b\xac\xf2\x43\xf2\x02\
        \xc7\x00\x00\x00\x00\x00\x25\x97\x46\xb1\x5b\xec\x02\xcc\x00\x00\x00\x00\x00\x97\xa1\x32\xf7\x6e\xde\x01\
        \xcf\x00\x00\x00\x00\x00\x85\xf8\xfd\xda\x05\x62\x01\xd7\x00\x00\x00\x00\x00\xac\x8c\x38\xf4\x2e\x27\x01\
        \xcc\x00\x00\x00\x00\x00\x33\x2f\x73\xfb\x14\x8c\x02\xe1\x00\x00\x00\x00\x00\x07\x40\xcf\xde\x1c\x42\x03\
        \xd3\x00\x00\x00\x00\x00\x02\x0c\xdb\x91\x77\x46\x02\x02\x01\x00\x00\x00\x00\x32\x63\x07\xf6\x36\x2e\x03\
        \xc6\x00\x00\x00\x00\x00\xad\x5f\x00\xb7\x64\xc3\x00\xca\x00\x00\x00\x00\x00\xec\xfc\xca\x7a\x4a\xa4\x02\
        \xc2\x00\x00\x00\x00\x00\xf0\xf1\x34\x01\x3d\xb5\x01\xd9\x00\x00\x00\x00\x00\x1d\x6c\xbd\xf2\x7d\x75\x01\
        \xd0\x00\x00\x00\x00\x00\x67\x3c\xfd\x7a\x01\x1a\x02\x0b\x01\x00\x00\x00\x00\xc2\x8f\xbd\x4c\x4c\x77\x03\
        \xbf\x00\x00\x00\x00\x00\x46\x32\x9d\x65\x10\x64\x03\xc8\x00\x00\x00\x00\x00\x11\x8e\xf3\xb7\x36\xb4\x02\
        \xd6\x00\x00\x00\x00\x00\xbc\x83\x1f\x55\x8f\x09\x02\xc2\x00\x00\x00\x00\x00\x87\xf6\x5a\x70\x25\x7b\x00\
        \xea\x00\x00\x00\x00\x00\x96\x20\x7d\xfe\x72\x91\x02\xc6\x00\x00\x00\x00\x00\x4a\x02\x0a\xbd\x15\xde\x02\
        \xb9\x00\x00\x00\x00\x00\x34\x11\x73\xe4\x5d\x27\x02\xd7\x00\x00\x00\x00\x00\x8c\x98\x9f\xb9\x16\x14\x01\
        \xf5\x00\x00\x00\x00\x00\x91\xc3\x93\xc8\x45\x95\x02\x01\x01\x00\x00\x00\x00\x43\x3f\xba\x7b\x6d\x98\x03\
        \xb7\x00\x00\x00\x00\x00\x18\xe1\x9a\x77\x2f\xa7\x01\xe4\x00\x00\x00\x00\x00\xc6\x23\x30\x26\x91\x5e\x00\
        \xb4\x00\x00\x00\x00\x00\xf5\x36\xfb\x17\x62\x98\x00\xb4\x00\x00\x00\x00\x00\x23\x6d\x6d\x6d\x70\x43\x02\
        \xb4\x00\x00\x00\x00\x00\x78\x9b\x84\xd7\x75\x59\x00\xe2\x00\x00\x00\x00\x00\x7c\x82\x3d\xe2\x0c\x7a\x01\
        \xd1\x00\x00\x00\x00\x00\x6d\x97\xff\x3d\x84\x57\x00\xba\x00\x00\x00\x00\x00\x71\x26\xbe\x4c\x55\x86\x00\
        \xbe\x00\x00\x00\x00\x00\x2d\x4e\xcc\xc2\x2e\x33\x02\xb4\x00\x00\x00\x00\x00\x18\x74\x62\xb1\x21\x10\x02\
        \xb7\x00\x00\x00\x00\x00\xdc\xdc\x09\xe4\x49\x95\x00\xaf\x00\x00\x00\x00\x00\xe2\xa0\x1d\x4f\x58\x63\x03\
        \xdc\x00\x00\x00\x00\x00\x2f\xff\x0f\xb5\x38\xf6\x00\xac\x00\x00\x00\x00\x00\x8d\x69\x9e\xf7\x46\x5a\x00\
        \xb0\x00\x00\x00\x00\x00\x39\xb1\xf1\xc8\x57\x47\x03\xaa\x00\x00\x00\x00\x00\xe0\x26\x96\x9e\x6c\x88\x02\
        \xb2\x00\x00\x00\x00\x00\x73\xf6\x15\xcc\x47\x66\x03\xc6\x00\x00\x00\x00\x00\x67\x7e\x04\xf3\x09\xee\x01\
        \xd7\x00\x00\x00\x00\x00\x75\xd3\xf4\xe4\x0f\x2b\x02\xae\x00\x00\x00\x00\x00\x09\x8b\x86\xe1\x13\xae\x02\
        \xd4\x00\x00\x00\x00\x00\xd4\xd0\x18\x09\x7e\x9f\x03\xc8\x00\x00\x00\x00\x00\xb2\x3b\x24\x51\x25\x94\x03\
        \xc1\x00\x00\x00\x00\x00\x2f\xd4\xfe\x97\x31\x7f\x00\xb4\x00\x00\x00\x00\x00\xce\x8f\xa5\x87\x68\x5a\x02\
        \xa5\x00\x00\x00\x00\x00\x7d\xe7\xfd\xc8\x69\x84\x02\xd3\x00\x00\x00\x00\x00\x6f\xf4\x83\xb7\x23\x49\x02\
        \xdf\x00\x00\x00\x00\x00\x7e\xc6\x69\xb6\x02\x60\x00\xca\x00\x00\x00\x00\x00\xb2\x08\x98\x45\x08\x4f\x02\
        \xda\x00\x00\x00\x00\x00\x43\xd4\x7b\x30\x53\xf5\x01\xa4\x00\x00\x00\x00\x00\xcc\x8f\x4e\xd6\x18\x87\x01\
        \xaf\x00\x00\x00\x00\x00\x9a\xef\x74\x12\x37\x12\x02\xd0\x00\x00\x00\x00\x00\x61\xe6\x7a\x25\x10\x56\x02\
        \xab\x00\x00\x00\x00\x00\x0c\x6d\x63\xc0\x85\xd5\x02\xa1\x00\x00\x00\x00\x00\xb3\xf5\x71\xe4\x13\x6d\x01\
        \xcf\x00\x00\x00\x00\x00\x07\x38\x14\x79\x0b\x63\x00\x9c\x00\x00\x00\x00\x00\x6c\x0f\x81\xde\x77\x09\x01\
        \x9f\x00\x00\x00\x00\x00\x3a\x82\x50\x27\x7d\xad\x03\xaa\x00\x00\x00\x00\x00\x58\xff\x21\xa2\x29\x7c\x03\
        \xda\x00\x00\x00\x00\x00\x3e\x2a\x82\x7d\x06\xa2\x00\xd7\x00\x00\x00\x00\x00\xed\x42\xd3\xd4\x2b\x58\x02\
        \xd1\x00\x00\x00\x00\x00\x46\x7a\xb8\xa2\x52\x38\x03\xab\x00\x00\x00\x00\x00\x4a\x7a\xab\xd2\x29\x53\x02\
        \xbc\x00\x00\x00\x00\x00\x9c\x79\x5d\x2d\x7a\xb2\x03\xd6\x00\x00\x00\x00\x00\x8d\x9b\x77\x6e\x55\x6e\x00\
        \xcb\x00\x00\x00\x00\x00\x98\xc2\x07\x09\x42\x9d\x02\xad\x00\x00\x00\x00\x00\xde\xb9\xf6\x2c\x65\x33\x03\
        \x97\x00\x00\x00\x00\x00\x72\xcc\x86\x16\x1b\x5a\x03\xbe\x00\x00\x00\x00\x00\xc0\x8c\x6d\x37\x84\x3c\x02\
        \xa7\x00\x00\x00\x00\x00\xc5\x8f\x29\x8b\x0c\x41\x01\xcb\x00\x00\x00\x00\x00\xba\x78\x0c\x6e\x10\x1e\x01\
        \xab\x00\x00\x00\x00\x00\x37\x0a\x1c\x06\x62\x05\x02\xcd\x00\x00\x00\x00\x00\x37\x67\x6e\x1f\x47\x40\x02\
        \xcb\x00\x00\x00\x00\x00\x79\x2c\xff\x91\x4c\x1d\x02\xb3\x00\x00\x00\x00\x00\x57\xbc\x5c\xe7\x31\x97\x01\
        \xb7\x00\x00\x00\x00\x00\xd2\x6f\xc4\xb7\x36\xb0\x03\xa2\x00\x00\x00\x00\x00\x30\x9f\xca\xcc\x24\x98\x01\
        \x91\x00\x00\x00\x00\x00\xdb\xa1\x1c\xfa\x1e\xdf\x01\xb5\x00\x00\x00\x00\x00\x4f\xde\x27\x78\x42\x2c\x02\
        \x97\x00\x00\x00\x00\x00\x03\xec\x57\xe8\x4f\x9b\x01\xb2\x00\x00\x00\x00\x00\xf7\xcf\xc4\x95\x53\xe6\x02\
        \x9d\x00\x00\x00\x00\x00\xd6\xb1\x21\x63\x49\x20\x02\x8e\x00\x00\x00\x00\x00\x96\xd6\xf4\xa1\x6f\xcf\x02\
        \xa2\x00\x00\x00\x00\x00\xf8\xf3\x30\x32\x71\x04\x01\xb9\x00\x00\x00\x00\x00\x3b\x51\x71\xec\x4a\xb7\x02\
        \x8b\x00\x00\x00\x00\x00\xf9\xb1\x6e\xc6\x14\x8d\x02\xa7\x00\x00\x00\x00\x00\x73\xa1\x0a\x65\x42\x87\x03\
        \xa7\x00\x00\x00\x00\x00\x97\xb4\x4a\xa3\x85\x89\x03\xb4\x00\x00\x00\x00\x00\x56\x10\xde\x03\x53\x3c\x03\
        \x97\x00\x00\x00\x00\x00\xbb\xe0\x0e\xaa\x31\x51\x02\xb5\x00\x00\x00\x00\x00\xdf\x85\x4e\x5e\x4d\xba\x00\
        \xa0\x00\x00\x00\x00\x00\xb3\x5d\x6c\x9f\x18\x4e\x02\xa5\x00\x00\x00\x00\x00\x97\xf3\xb9\xd5\x51\xbc\x01\
        \x86\x00\x00\x00\x00\x00\xc5\x40\x25\x75\x2a\x85\x03\x99\x00\x00\x00\x00\x00\x8e\x7d\xf2\x6e\x08\xe5\x01\
        \x95\x00\x00\x00\x00\x00\xcb\x1b\xd6\xae\x7f\x68\x03\xa9\x00\x00\x00\x00\x00\xc9\x8b\x43\x75\x8b\xfc\x02\
        \x82\x00\x00\x00\x00\x00\xb1\x7e\xc7\x85\x5e\xe7\x02\xb0\x00\x00\x00\x00\x00\x6d\x18\x3b\xe7\x6c\xe0\x02\
        \x97\x00\x00\x00\x00\x00\xd4\x30\xe8\xf8\x71\x5e\x01\x84\x00\x00\x00\x00\x00\xe4\x4e\x98\x08\x68\xe2\x02\
        \x98\x00\x00\x00\x00\x00\xf7\x51\xed\x5b\x3b\xb0\x02\x87\x00\x00\x00\x00\x00\xd9\x11\x47\x59\x3e\xb8\x03\
        \x85\x00\x00\x00\x00\x00\x7b\x66\x27\xc6\x33\x6f\x03\x98\x00\x00\x00\x00\x00\xf5\xbc\x5f\xd0\x85\xb2\x02\
        \x83\x00\x00\x00\x00\x00\x78\x06\xc6\xbe\x7e\xaf\x02\x82\x00\x00\x00\x00\x00\x75\x46\x44\x6c\x76\xaf\x01\
        \x7f\x00\x00\x00\x00\x00\x09\x2a\x34\x25\x46\xb3\x02\xa5\x00\x00\x00\x00\x00\x77\x4e\x7a\xb4\x0e\x1f\x03\
        \xa0\x00\x00\x00\x00\x00\xee\x34\xfc\xf9\x47\x9e\x02\x7e\x00\x00\x00\x00\x00\x9d\x15\xdf\xc7\x5d\xe9\x02\
        \x95\x00\x00\x00\x00\x00\x82\x4b\x6d\xa2\x71\xa6\x03\x78\x00\x00\x00\x00\x00\xc6\xc0\x75\x67\x55\x74\x02\
        \x78\x00\x00\x00\x00\x00\x4d\x1a\xad\xef\x1d\x4e\x03\x76\x00\x00\x00\x00\x00\x8d\x45\xe4\x6b\x8b\x5c\x01\
        \x76\x00\x00\x00\x00\x00\xf9\x55\x66\xb9\x25\xfd\x01\xa0\x00\x00\x00\x00\x00\x1e\xa3\xca\x69\x68\x1d\x03\
        \x80\x00\x00\x00\x00\x00\x3f\x8c\x59\x24\x5f\xaa\x01\x72\x00\x00\x00\x00\x00\x45\x28\xbd\x2f\x90\xd4\x02\
        \x71\x00\x00\x00\x00\x00\x9f\x15\x1d\xb1\x06\x69\x02\x7a\x00\x00\x00\x00\x00\x2c\xcc\x86\x49\x1f\x05\x01\
        \x71\x00\x00\x00\x00\x00\x8c\x7e\xda\x89\x3d\x4a\x03\x78\x00\x00\x00\x00\x00\xb5\x28\x3e\x7c\x35\x35\x02\
        \x6f\x00\x00\x00\x00\x00\x2d\xd7\xe1\x2f\x8b\x78\x01\x78\x00\x00\x00\x00\x00\xdd\x15\x4f\xde\x8a\x41\x03\
        \x6e\x00\x00\x00\x00\x00\xa6\x32\x6b\xf1\x21\x24\x01\x7b\x00\x00\x00\x00\x00\xd2\x07\x05\xe9\x24\x4d\x02\
        \x6c\x00\x00\x00\x00\x00\xf3\xb1\x9c\x47\x32\x6b\x03\x83\x00\x00\x00\x00\x00\x1a\xeb\xf5\x0d\x3a\xfc\x01\
        \x6b\x00\x00\x00\x00\x00\x15\xd2\x2f\xc5\x00\x2f\x01\x70\x00\x00\x00\x00\x00\x11\x29\xb8\xb3\x34\x15\x03\
        \x7c\x00\x00\x00\x00\x00\xa9\x6e\x16\x0f\x8b\x52\x03\x8f\x00\x00\x00\x00\x00\x32\xae\xb7\xa4\x16\x6a\x03\
        \x68\x00\x00\x00\x00\x00\xe4\x35\x22\x43\x48\x95\x03\x77\x00\x00\x00\x00\x00\xe9\x89\xd5\x95\x65\x2f\x02\
        \x68\x00\x00\x00\x00\x00\x85\x45\x19\x77\x7d\xd6\x01\x67\x00\x00\x00\x00\x00\xa8\x5e\xe2\xc5\x6e\x6b\x02\
        \x74\x00\x00\x00\x00\x00\x5f\xce\xed\x03\x0c\x86\x03\x68\x00\x00\x00\x00\x00\x9c\xd7\x54\xac\x8d\x43\x01\
        \x77\x00\x00\x00\x00\x00\x9c\x93\x6f\xca\x18\x40\x01\x79\x00\x00\x00\x00\x00\x6e\xa8\xad\xee\x83\xf9\x02\
        \x87\x00\x00\x00\x00\x00\xc9\x59\xd3\xe3\x46\xf8\x02\x65\x00\x00\x00\x00\x00\xc7\xeb\x8a\x19\x54\x55\x03\
        \x64\x00\x00\x00\x00\x00\x4c\x1f\xb5\x3d\x70\xef\x02\x88\x00\x00\x00\x00\x00\x8f\xad\xee\x89\x34\x7c\x02\
        \x68\x00\x00\x00\x00\x00\xba\x89\x5e\xe4\x14\x59\x01\x6c\x00\x00\x00\x00\x00\x54\x38\x38\x1e\x0a\xc7\x00\
        \x78\x00\x00\x00\x00\x00\xe4\xdb\xfc\x7e\x7d\x39\x02\x7d\x00\x00\x00\x00\x00\x07\xf5\x6d\x75\x0e\xe4\x02\
        \x86\x00\x00\x00\x00\x00\x14\xeb\x88\x4f\x7a\xda\x02\x67\x00\x00\x00\x00\x00\x79\x7e\xf0\x3c\x54\xcd\x02\
        \x76\x00\x00\x00\x00\x00\xe1\x61\xf7\x6e\x17\xcd\x01\x6f\x00\x00\x00\x00\x00\x7d\xe4\xb3\x49\x84\x5e\x03\
        \x5d\x00\x00\x00\x00\x00\x19\xa6\xcd\x0b\x28\x61\x03\x5b\x00\x00\x00\x00\x00\x3b\x01\x7c\xd7\x69\x8c\x03\
        \x67\x00\x00\x00\x00\x00\x2f\x2c\x79\x90\x21\xc6\x02\x5e\x00\x00\x00\x00\x00\x90\xfd\x4e\x75\x44\x1b\x02\
        \x65\x00\x00\x00\x00\x00\xff\x30\x06\xb8\x76\x55\x01\x66\x00\x00\x00\x00\x00\xa9\xf1\x7d\x66\x06\x08\x01\
        \x79\x00\x00\x00\x00\x00\x55\x3f\x20\xac\x47\x84\x01\x62\x00\x00\x00\x00\x00\x83\x70\x53\x45\x08\x7e\x03\
        \x59\x00\x00\x00\x00\x00\xf7\x7f\xd0\x16\x37\x67\x02\x73\x00\x00\x00\x00\x00\x74\xcd\xbf\xa5\x52\x83\x03\
        \x56\x00\x00\x00\x00\x00\x7a\xa2\x4c\x05\x3f\x0d\x03\x6d\x00\x00\x00\x00\x00\x1f\xfe\x4e\xde\x15\x53\x03\
        \x59\x00\x00\x00\x00\x00\x16\x47\x67\x82\x39\x65\x03\x5c\x00\x00\x00\x00\x00\xf0\xa5\x2f\x6a\x0b\x81\x03\
        \x55\x00\x00\x00\x00\x00\x78\xdb\x09\x46\x0d\xbb\x02\x54\x00\x00\x00\x00\x00\x91\xc0\x0e\xe5\x3a\x71\x03\
        \x5f\x00\x00\x00\x00\x00\x5c\xc5\x71\x7a\x0b\x6c\x02\x65\x00\x00\x00\x00\x00\x57\x30\xad\xd8\x2b\x47\x01\
        \x53\x00\x00\x00\x00\x00\x16\xab\xcf\x0e\x8d\x2d\x03\x53\x00\x00\x00\x00\x00\x4e\x1b\xea\x70\x5c\xc0\x00\
        \x52\x00\x00\x00\x00\x00\xda\xd2\xbd\x90\x6b\x3d\x03\x51\x00\x00\x00\x00\x00\x5c\x79\x7c\xc3\x30\xfa\x02\
        \x51\x00\x00\x00\x00\x00\x5c\x27\x9b\x0a\x51\x6d\x02\x6c\x00\x00\x00\x00\x00\xdf\xc5\x9d\xc4\x3e\xa5\x03\
        \x53\x00\x00\x00\x00\x00\x61\xd3\x1a\x9d\x01\x57\x01\x50\x00\x00\x00\x00\x00\x10\xbc\x01\x51\x05\xfe\x02\
        \x53\x00\x00\x00\x00\x00\x57\xa1\xe4\xa8\x0e\x45\x01\x54\x00\x00\x00\x00\x00\xa7\x9e\xcd\x30\x4d\xd9\x02\
        \x52\x00\x00\x00\x00\x00\x5d\x4a\x06\x58\x6a\x90\x03\x52\x00\x00\x00\x00\x00\x47\x95\xdf\x6c\x4e\x78\x03\
        \x61\x00\x00\x00\x00\x00\x85\x2b\x7e\x76\x14\xa2\x03\x61\x00\x00\x00\x00\x00\xff\x04\xf2\x82\x63\xa0\x03\
        \x53\x00\x00\x00\x00\x00\x2c\xd2\xa7\x78\x3b\x3a\x02\x63\x00\x00\x00\x00\x00\xce\x56\xe1\x50\x62\x96\x03\
        \x4e\x00\x00\x00\x00\x00\x89\xd8\x6b\x14\x86\x8b\x03\x4e\x00\x00\x00\x00\x00\x73\x23\x45\x29\x6a\x73\x03\
        \x50\x00\x00\x00\x00\x00\x8d\x5f\xe8\x13\x19\x7f\x03\x4e\x00\x00\x00\x00\x00\x7f\x2e\x4e\xda\x11\x3a\x01\
        \x51\x00\x00\x00\x00\x00\x5f\x73\x68\x58\x48\x13\x03\x51\x00\x00\x00\x00\x00\x59\xd2\xf3\x80\x0a\x11\x03\
        \x62\x00\x00\x00\x00\x00\x91\xa7\xfd\x36\x21\xd2\x01\x57\x00\x00\x00\x00\x00\x83\x45\x48\x9f\x6b\xa6\x00\
        \x67\x00\x00\x00\x00\x00\x1b\x0e\x4c\xc6\x3b\x54\x02\x66\x00\x00\x00\x00\x00\x16\x2d\xa6\xfb\x1e\x54\x03\
        \x54\x00\x00\x00\x00\x00\xe7\x9d\x7f\x99\x75\x61\x02\x4f\x00\x00\x00\x00\x00\xc3\x9e\x34\x76\x35\x25\x03\
        \x50\x00\x00\x00\x00\x00\x56\x4d\x80\xd2\x13\xcc\x02\x4b\x00\x00\x00\x00\x00\x4c\xa5\x92\x47\x7e\x24\x03\
        \x55\x00\x00\x00\x00\x00\x55\x77\x07\x80\x2b\xaf\x03\x4f\x00\x00\x00\x00\x00\xd4\xb6\xe9\x98\x6d\x60\x03\
        \x49\x00\x00\x00\x00\x00\x3f\x31\xb2\x39\x6d\xf3\x02\x62\x00\x00\x00\x00\x00\xa0\x45\xe5\x8d\x5b\xf6\x02\
        \x48\x00\x00\x00\x00\x00\x43\x59\xdd\xf3\x58\x6c\x03\x51\x00\x00\x00\x00\x00\xf2\xfc\x86\x28\x86\x91\x01"),
    // Variable 1, tau^1: 426 terms.
    (1, 1, b"\
        \x8e\x75\x2e\xd4\x2c\x30\x00\x00\x00\x00\x00\x00\x00\x0b\x3a\x2d\x1d\x00\x00\x4e\x8a\x1a\x46\x62\x4e\x01\
        \xe6\xff\xa4\x0d\x00\x00\xc5\x3f\x8d\x50\x8c\x26\x00\x17\x48\xcb\x01\x00\x00\x0a\xed\xbd\xd4\x69\x37\x02\
        \x18\x2d\x3c\x01\x00\x00\xa6\x78\xbf\x1c\x7f\x31\x01\xe5\xaf\xb8\x00\x00\x00\x62\x50\xf8\xf4\x03\x6b\x01\
        \x13\x97\x5c\x00\x00\x00\x31\x6e\x6c\x02\x67\x7d\x00\x70\xea\x52\x00\x00\x00\xd2\x85\x4d\xc7\x5c\xf5\x00\
        \xb0\xa9\x40\x00\x00\x00\x7f\x9e\xa7\x23\x89\x37\x00\x86\xc0\x21\x00\x00\x00\x96\xc4\xbd\xa5\x7a\xae\x00\
        \x0e\x44\x1e\x00\x00\x00\xa3\x1a\xdf\xc2\x71\xb1\x02\x99\xc5\x13\x00\x00\x00\x2b\x91\x7d\x40\x81\x15\x00\
        \x98\xc0\x11\x00\x00\x00\x79\x62\xb2\xfa\x0b\x17\x00\x3f\x5e\x0f\x00\x00\x00\xf1\x7d\x1b\xd2\x0a\xc6\x01\
        \x4e\xea\x11\x00\x00\x00\xad\x7b\x59\x07\x88\x28\x02\x92\xef\x0c\x00\x00\x00\x8f\xc6\x4f\x0e\x86\x87\x00\
        \x72\x9f\x0c\x00\x00\x00\x1c\x52\xd1\xd4\x6f\xb3\x00\x7e\xa9\x0c\x00\x00\x00\xdf\x2f\x44\xd1\x0d\x48\x02\
        \x58\x51\x0f\x00\x00\x00\xe6\xe6\x05\x4e\x49\xfc\x00\xea\xc3\x10\x00\x00\x00\x05\x58\x7f\x90\x7b\x2a\x01\
        \xbb\x0f\x0b\x00\x00\x00\xa1\xec\x49\x73\x80\xab\x01\x12\xaa\x08\x00\x00\x00\xbc\x50\x2e\x6f\x8b\x96\x01\
        \x55\x3c\x07\x00\x00\x00\x08\xb3\x3e\x37\x60\xee\x00\x08\x4d\x06\x00\x00\x00\x44\x26\x6e\x90\x85\x74\x00\
        \xb4\x23\x05\x00\x00\x00\x52\x6e\x1c\xd2\x56\x62\x02\x44\x45\x05\x00\x00\x00\x52\x9b\x05\xc0\x62\xa1\x01\
        \x57\x92\x03\x00\x00\x00\x5d\x40\xed\x5a\x91\xd0\x00\x0b\xf9\x02\x00\x00\x00\xac\xe7\xc2\xa5\x33\xd7\x00\
        \x35\x95\x03\x00\x00\x00\x3d\x3a\x7b\xe7\x5d\x07\x02\x60\xce\x02\x00\x00\x00\x16\x93\x29\x36\x92\x72\x01\
        \x70\x07\x03\x00\x00\x00\x80\x98\x56\x07\x23\xe7\x01\xb7\xd9\x02\x00\x00\x00\x66\x92\x04\x8d\x8d\xcc\x01\
        \x8d\x9d\x02\x00\x00\x00\x85\x8c\x61\x1d\x7e\xaa\x00\xd9\xfe\x01\x00\x00\x00\xc1\xc7\xba\x95\x0e\xc0\x01\
        \xcf\x0b\x02\x00\x00\x00\x58\x86\x16\xef\x79\xf4\x02\xf4\xc2\x01\x00\x00\x00\x9e\xe6\x39\xc8\x0f\xea\x01\
        \x05\xa0\x01\x00\x00\x00\xd0\x68\x50\x3b\x68\x0c\x02\x10\x05\x01\x00\x00\x00\x7b\x34\x0f\x7f\x85\x3f\x00\
        \xf3\x0f\x01\x00\x00\x00\xea\x16\x41\x0f\x8b\x60\x01\x2e\xea\x00\x00\x00\x00\xfe\x28\xa7\x6f\x17\xb8\x02\
        \x86\xf7\x00\x00\x00\x00\xa7\xc3\xae\x02\x8d\xaa\x02\x66\x37\x01\x00\x00\x00\x04\xcd\x3e\x8b\x87\x24\x02\
        \x63\x00\x01\x00\x00\x00\xdf\x1e\x2f\x03\x03\x3c\x01\x97\xe4\x00\x00\x00\x00\x63\x47\x09\xaa\x0d\x5e\x02\
        \x22\xdd\x00\x00\x00\x00\x23\x58\x32\xdf\x20\x61\x01\xcf\x17\x01\x00\x00\x00\xab\x05\xc8\x5d\x7c\x00\x02\
        \xff\xdf\x00\x00\x00\x00\x6c\x90\x3e\xf8\x8a\x65\x02\x08\xd7\x00\x00\x00\x00\x8a\xdc\xa3\x65\x7e\x31\x00\
        \x3a\xcb\x00\x00\x00\x00\x27\xd0\xdb\x5a\x05\x86\x02\x47\xcc\x00\x00\x00\x00\x5b\x71\xcf\x53\x85\x8c\x00\
        \xfb\xc4\x00\x00\x00\x00\xae\x38\x0d\x9f\x8d\x3b\x01\xae\xb8\x00\x00\x00\x00\x3b\xd5\x34\xeb\x53\x9a\x02\
        \xd7\xa4\x00\x00\x00\x00\x57\xd9\x75\x2f\x60\xc3\x02\xe6\xb5\x00\x00\x00\x00\xff\xb4\xdd\xe9\x0b\x73\x02\
        \x21\x80\x00\x00\x00\x00\x7f\x93\x25\x3c\x75\xb7\x00\x14\x83\x00\x00\x00\x00\x2b\xf0\xb2\x51\x02\xcc\x00\
        \xc3\x72\x00\x00\x00\x00\x3f\xea\xd0\x36\x4e\x1a\x00\x7f\x72\x00\x00\x00\x00\x52\x4f\xa3\xab\x11\x70\x00\
        \xc1\x7e\x00\x00\x00\x00\x53\x74\xbb\x24\x7d\x23\x01\x2d\x74\x00\x00\x00\x00\xb8\xde\x4a\x46\x7e\x77\x02\
        \x1d\x55\x00\x00\x00\x00\x49\xc4\xdc\x2d\x8f\xc0\x02\x6a\x62\x00\x00\x00\x00\xd1\x10\x71\x6b\x25\xe2\x01\
        \x8d\x52\x00\x00\x00\x00\x38\x76\xd8\x82\x88\x70\x02\xd4\x4c\x00\x00\x00\x00\xa3\x98\xb9\xf7\x32\xd4\x00\
        \xd6\x45\x00\x00\x00\x00\xcd\xa4\x14\x48\x13\x01\x01\x01\x44\x00\x00\x00\x00\x4a\xe3\xe4\x2d\x40\xed\x01\
        \x27\x45\x00\x00\x00\x00\x3a\x63\x2d\xa8\x8a\x1b\x00\x9a\x48\x00\x00\x00\x00\xff\x95\x40\xfb\x0b\x89\x02\
        \x3d\x44\x00\x00\x00\x00\x9c\x00\x4c\x7f\x10\x96\x02\x21\x38\x00\x00\x00\x00\x81\x09\x6c\x4b\x15\x3d\x00\
        \x1b\x37\x00\x00\x00\x00\x19\xbf\xf2\xac\x0e\x13\x00\xd0\x2d\x00\x00\x00\x00\x93\x58\x8d\x13\x29\xe4\x00\
        \x22\x2b\x00\x00\x00\x00\xb7\x14\x35\x8b\x81\xa7\x02\x9e\x2c\x00\x00\x00\x00\x9b\x51\x49\x2e\x64\xeb\x00\
        \xa7\x28\x00\x00\x00\x00\xea\x1a\xa4\x1f\x07\x81\x02\xa6\x26\x00\x00\x00\x00\xd7\xd5\xf0\x12\x09\x4b\x02\
        \x50\x26\x00\x00\x00\x00\xa3\xf5\x20\x73\x89\x2c\x01\x47\x24\x00\x00\x00\x00\xd7\x25\x0c\x5f\x4b\xce\x02\
        \x77\x23\x00\x00\x00\x00\xf6\x24\x55\x3e\x82\x1c\x03\x7e\x22\x00\x00\x00\x00\x40\x40\xed\x7e\x0c\xcb\x02\
        \x2e\x20\x00\x00\x00\x00\x61\x10\x99\x0c\x89\xe5\x02\x7a\x1f\x00\x00\x00\x00\x73\xa7\x13\x23\x76\x9c\x02\
        \x22\x1a\x00\x00\x00\x00\x4b\xde\x4a\x22\x38\x19\x00\x1d\x17\x00\x00\x00\x00\xd2\x22\x49\x4f\x61\xe8\x02\
        \x58\x1c\x00\x00\x00\x00\xe0\x2c\x8c\x36\x90\x32\x00\x80\x18\x00\x00\x00\x00\x6a\x0a\x13\xb2\x1f\x5b\x02\
        \x16\x14\x00\x00\x00\x00\x57\x27\xa9\xcc\x79\x99\x01\x15\x14\x00\x00\x00\x00\x20\x43\x8d\x35\x44\x2b\x01\
        \x9c\x12\x00\x00\x00\x00\xd1\xc5\x57\xeb\x03\x9a\x01\xfb\x11\x00\x00\x00\x00\xa0\x4b\x12\x49\x12\xbe\x01\
        \xdd\x11\x00\x00\x00\x00\xf2\x5c\x4c\x77\x91\xbf\x02\xb8\x11\x00\x00\x00\x00\x92\xb9\xd1\x46\x73\xa8\x01\
        \x52\x11\x00\x00\x00\x00\xc4\xfa\xd4\xcf\x21\xf7\x02\xa6\x11\x00\x00\x00\x00\xb5\x97\xaf\x15\x30\x0b\x01\
        \x4c\x11\x00\x00\x00\x00\x7a\x5f\x74\xa6\x03\xc5\x02\xda\x15\x00\x00\x00\x00\x9a\x14\xe0\xcb\x81\xa8\x00\
        \x1d\x15\x00\x00\x00\x00\xf3\xbd\x75\x0b\x22\xd9\x00\x90\x16\x00\x00\x00\x00\x37\xf2\x88\xe1\x65\xff\x02\
        \xa9\x10\x00\x00\x00\x00\xec\x3d\x53\xa2\x05\xf0\x02\x04\x10\x00\x00\x00\x00\xeb\x5a\x6f\x33\x90\xa9\x01\
        \x50\x11\x00\x00\x00\x00\xc5\xdd\xf3\x76\x65\xfb\x00\x06\x10\x00\x00\x00\x00\x68\x2b\x47\x74\x0b\x2e\x02\
        \xaf\x11\x00\x00\x00\x00\xfd\x14\x08\x27\x02\x41\x02\x2d\x11\x00\x00\x00\x00\x2e\x0f\x9c\x74\x60\x25\x01\
        \xef\x0d\x00\x00\x00\x00\xbf\x88\x04\xe9\x83\x05\x03\x01\x0e\x00\x00\x00\x00\xb2\xec\x52\x87\x06\x2d\x02\
        \xa9\x0f\x00\x00\x00\x00\xea\x7c\xca\x55\x3b\x67\x00\x66\x0e\x00\x00\x00\x00\x06\x24\x16\x4e\x44\x4a\x00\
        \x99\x0b\x00\x00\x00\x00\x8c\x88\xe9\x0f\x80\x84\x00\x28\x0b\x00\x00\x00\x00\x00\xe1\xb4\x99\x85\x77\x00\
        \x9e\x0a\x00\x00\x00\x00\x94\xa3\x4b\x29\x1d\x71\x01\xf8\x0a\x00\x00\x00\x00\xcb\xff\x24\x00\x4d\x07\x00\
        \x6d\x0a\x00\x00\x00\x00\x3e\xb9\x4f\x0b\x26\x42\x02\x6b\x0a\x00\x00\x00\x00\xed\x24\x80\xcf\x63\x83\x00\
        \x91\x0a\x00\x00\x00\x00\x37\xba\x15\xae\x46\xfa\x00\xc7\x0c\x00\x00\x00\x00\x4c\x38\x4c\x3d\x89\xd0\x02\
        \x5e\x0a\x00\x00\x00\x00\x97\xa3\x81\x42\x08\xdb\x02\x0e\x0a\x00\x00\x00\x00\x99\x00\x55\xc6\x53\xd0\x01\
        \xb6\x09\x00\x00\x00\x00\x33\x98\x99\x26\x7b\xd7\x02\x95\x0c\x00\x00\x00\x00\xe7\x51\x42\xbc\x6a\xf1\x00\
        \x78\x0b\x00\x00\x00\x00\x08\x85\x20\x64\x19\x94\x02\x5e\x09\x00\x00\x00\x00\x52\x76\x55\x30\x8c\x79\x01\
        \xa6\x08\x00\x00\x00\x00\x7c\x02\xc1\x1b\x7a\x94\x01\x91\x08\x00\x00\x00\x00\xa9\xa7\xbf\x15\x00\x0b\x03\
        \x10\x09\x00\x00\x00\x00\x77\x9c\x12\xb8\x87\xce\x00\x28\x08\x00\x00\x00\x00\xaf\x7e\xd4\x85\x8b\xe3\x02\
        \xfa\x07\x00\x00\x00\x00\xce\x3a\x05\x77\x11\x97\x00\xe5\x07\x00\x00\x00\x00\xe7\x25\xc6\x39\x61\x82\x01\
        \x3e\x08\x00\x00\x00\x00\xd1\x7e\x27\x9f\x91\xae\x01\x3e\x08\x00\x00\x00\x00\xa1\xd7\xf5\xc1\x78\xb9\x00\
        \xe7\x08\x00\x00\x00\x00\x7a\xbf\x94\x0a\x87\x70\x01\xd4\x07\x00\x00\x00\x00\xe8\x73\xa2\x01\x62\x07\x03\
        \xb9\x07\x00\x00\x00\x00\x15\x89\xfe\xf1\x5c\x40\x00\xa1\x07\x00\x00\x00\x00\x09\x42\x14\x98\x1f\x0e\x02\
        \x68\x07\x00\x00\x00\x00\x3d\x2b\x18\xe3\x40\x0e\x03\xb2\x07\x00\x00\x00\x00\xbb\x77\xc0\x0f\x89\xb6\x00\
        \x8b\x07\x00\x00\x00\x00\x4c\x42\x88\x9c\x46\x8b\x02\xf2\x07\x00\x00\x00\x00\x28\x1d\xd0\xd4\x47\xec\x00\
        \x29\x07\x00\x00\x00\x00\xef\x79\x9a\xb8\x82\xff\x00\x2e\x07\x00\x00\x00\x00\x3b\xa5\x91\x36\x1d\x6c\x00\
        \x1c\x07\x00\x00\x00\x00\xfe\xf6\x29\x1e\x8b\x8a\x00\xfb\x07\x00\x00\x00\x00\x66\xd5\xa9\x10\x65\x62\x00\
        \xa5\x07\x00\x00\x00\x00\xe1\x5f\x85\xd8\x5d\x71\x00\xe8\x06\x00\x00\x00\x00\xc8\x71\xb8\xb4\x07\x4d\x00\
        \x18\x09\x00\x00\x00\x00\x0c\x12\x46\x7a\x88\x22\x02\x27\x07\x00\x00\x00\x00\xba\x4d\xda\x05\x70\x8e\x00\
        \xdc\x08\x00\x00\x00\x00\x64\xf7\x96\xe6\x17\x92\x01\x7f\x07\x00\x00\x00\x00\x09\xef\x2c\xba\x74\x76\x00\
        \x83\x07\x00\x00\x00\x00\xf6\x65\xf8\xad\x06\x48\x00\x37\x09\x00\x00\x00\x00\xda\x12\x0c\x74\x6c\xdd\x02\
        \x57\x07\x00\x00\x00\x00\x27\x8c\x17\x8a\x84\xb2\x00\x8e\x06\x00\x00\x00\x00\xcb\x38\x98\xf3\x05\xc9\x00\
        \x78\x06\x00\x00\x00\x00\x45\x3c\x35\x21\x7f\x19\x03\x8b\x06\x00\x00\x00\x00\x66\xa5\x99\x55\x8f\xad\x01\
        \xa1\x07\x00\x00\x00\x00\xdc\x36\x37\xb5\x76\x3b\x00\x03\x06\x00\x00\x00\x00\x64\x52\x10\x16\x40\xf0\x00\
        \xca\x05\x00\x00\x00\x00\x7d\x89\x28\xb7\x57\x64\x01\xa6\x05\x00\x00\x00\x00\x67\xdd\x4f\x87\x49\x41\x00\
        \x8d\x05\x00\x00\x00\x00\xed\x18\x18\x6a\x0e\x0f\x01\x82\x06\x00\x00\x00\x00\xa8\x60\xa3\x0f\x06\xe4\x01\
        \xc0\x05\x00\x00\x00\x00\x11\x7f\x6c\x56\x13\x46\x00\x76\x06\x00\x00\x00\x00\x17\xef\x5b\xb1\x14\xca\x02\
        \x16\x05\x00\x00\x00\x00\xd7\x0c\xb6\x00\x86\x03\x01\x45\x05\x00\x00\x00\x00\x66\x1e\xe7\x25\x3a\x15\x02\
        \x4b\x05\x00\x00\x00\x00\x65\x24\x80\xed\x76\x9a\x00\xa4\x04\x00\x00\x00\x00\x56\xf0\x18\x38\x34\x49\x00\
        \xcf\x04\x00\x00\x00\x00\x33\x05\x3c\x23\x12\xcb\x01\x89\x04\x00\x00\x00\x00\xf9\xe8\x36\x5b\x48\xf1\x02\
        \x9a\x04\x00\x00\x00\x00\x91\x93\xd5\x57\x64\x7e\x01\xd1\x04\x00\x00\x00\x00\xb6\xa1\x75\xf4\x90\xfd\x02\
        \x47\x04\x00\x00\x00\x00\xf7\x25\xec\x66\x8c\x21\x03\x2c\x05\x00\x00\x00\x00\xc4\x72\xf9\x77\x62\x16\x03\
        \x42\x05\x00\x00\x00\x00\x0a\x35\xdb\xa3\x4a\x38\x01\x21\x04\x00\x00\x00\x00\x59\x15\x8c\x3e\x86\x04\x03\
        \x86\x04\x00\x00\x00\x00\x8c\x90\xbe\xc7\x0a\x5f\x00\x03\x04\x00\x00\x00\x00\x62\x34\x63\xd2\x04\x2c\x00\
        \x77\x04\x00\x00\x00\x00\x5e\x89\xde\x99\x81\x56\x00\xf4\x03\x00\x00\x00\x00\xf4\xb0\xf8\xa4\x0c\x5d\x01\
        \xd3\x03\x00\x00\x00\x00\x6a\xe6\x16\xb2\x77\xfb\x02\xe1\x03\x00\x00\x00\x00\xd3\x4a\x5b\x6d\x2f\xd5\x00\
        \x0b\x04\x00\x00\x00\x00\xde\x7d\xc2\x98\x43\x90\x01\xfd\x03\x00\x00\x00\x00\xf0\x3b\x0e\xc0\x6e\x3f\x01\
        \x1e\x05\x00\x00\x00\x00\x18\x6c\xb0\xa7\x29\xe0\x01\x7f\x03\x00\x00\x00\x00\xfd\x3e\xb6\x46\x3b\x22\x03\
        \x7a\x03\x00\x00\x00\x00\x6b\xc7\xb6\xfb\x7d\x47\x00\xd9\x03\x00\x00\x00\x00\x98\x2f\x34\xa6\x14\x89\x03\
        \xd7\x03\x00\x00\x00\x00\x3a\x57\xf3\x15\x21\x87\x03\x7d\x03\x00\x00\x00\x00\x6b\xd0\x5d\xb6\x88\xac\x00\
        \x9a\x03\x00\x00\x00\x00\xd6\x6a\x79\x30\x61\x1a\x03\x6c\x03\x00\x00\x00\x00\x99\x28\x27\x89\x11\x8f\x02\
        \xb1\x03\x00\x00\x00\x00\x13\xbc\x85\xeb\x35\xa2\x03\xad\x03\x00\x00\x00\x00\x1b\x7b\x73\x33\x42\xa0\x03\
        \x63\x03\x00\x00\x00\x00\xf1\x9d\xf5\xdc\x12\x37\x01\x3c\x03\x00\x00\x00\x00\xf5\x0e\x18\xc7\x36\xd1\x00\
        \x90\x03\x00\x00\x00\x00\xba\x97\xc1\x4e\x41\x1f\x00\x28\x03\x00\x00\x00\x00\x91\x17\x5b\x7c\x18\x4d\x01\
        \x0b\x03\x00\x00\x00\x00\x48\x92\x95\xbe\x6f\x02\x02\x6e\x03\x00\x00\x00\x00\xb7\x21\x04\x3c\x86\x0e\x00\
        \xba\x03\x00\x00\x00\x00\x14\xb0\x75\x52\x64\xb1\x00\x04\x03\x00\x00\x00\x00\x8e\xd2\x10\x5e\x7a\x30\x03\
        \xe9\x02\x00\x00\x00\x00\x06\xca\xee\xe2\x00\x65\x01\xe8\x02\x00\x00\x00\x00\x13\x5c\xcf\x97\x0d\x42\x00\
        \xdf\x02\x00\x00\x00\x00\x53\xb3\x84\xa1\x04\x26\x02\xeb\x02\x00\x00\x00\x00\x06\xe1\x25\x47\x3f\x50\x00\
        \xd8\x02\x00\x00\x00\x00\x8a\xa4\x21\x0f\x8b\x03\x02\x01\x03\x00\x00\x00\x00\xb6\xe7\xef\x20\x69\x0a\x02\
        \xc7\x02\x00\x00\x00\x00\xb9\xdf\x92\xdb\x08\x61\x00\xf9\x02\x00\x00\x00\x00\xb2\x50\x3e\x7d\x47\x51\x00\
        \x22\x03\x00\x00\x00\x00\xe5\x1e\x3e\x96\x1a\x5f\x01\xc0\x02\x00\x00\x00\x00\x14\x79\xff\x3a\x1d\x77\x01\
        \x20\x03\x00\x00\x00\x00\x9a\xe9\xf1\x91\x4a\x8c\x01\x35\x03\x00\x00\x00\x00\x77\x37\xb8\x80\x18\xf7\x01\
        \xd5\x02\x00\x00\x00\x00\xe6\x77\xef\x50\x84\x0b\x02\xaa\x02\x00\x00\x00\x00\xaf\x25\x99\xfa\x1b\xe8\x00\
        \x80\x02\x00\x00\x00\x00\x4f\xbd\x08\x2b\x5b\x46\x01\x97\x02\x00\x00\x00\x00\x8a\xec\x18\xfc\x12\x01\x03\
        \x28\x03\x00\x00\x00\x00\x4c\xa3\xcb\xf0\x62\x4f\x01\x00\x03\x00\x00\x00\x00\x3b\x81\x0f\x87\x0d\xee\x02\
        \xb5\x02\x00\x00\x00\x00\x3b\x46\x13\x7a\x3a\xfb\x01\x10\x03\x00\x00\x00\x00\x85\x7d\x9b\xa1\x62\xa9\x00\
        \xfb\x02\x00\x00\x00\x00\x52\x4f\xd6\x23\x1a\xc2\x01\x69\x02\x00\x00\x00\x00\xcb\xa5\x1f\x45\x87\xca\x01\
        \xde\x02\x00\x00\x00\x00\xcd\xcc\xa2\xe2\x62\xd4\x01\x50\x02\x00\x00\x00\x00\xc8\x43\xd0\xea\x4b\xab\x00\
        \x28\x02\x00\x00\x00\x00\x79\x75\x78\xdd\x87\x3d\x01\xca\x02\x00\x00\x00\x00\xd8\xce\xd0\x18\x72\x23\x03\
        \x80\x02\x00\x00\x00\x00\x37\xf7\x1d\x42\x20\x56\x01\x6c\x02\x00\x00\x00\x00\x00\x27\x8c\x4d\x46\xf4\x01\
        \xd2\x02\x00\x00\x00\x00\xc8\xaf\x7a\xa5\x78\x0d\x00\x12\x02\x00\x00\x00\x00\xbd\xd6\x92\xd4\x8a\xea\x02\
        \x1d\x02\x00\x00\x00\x00\xef\xaf\x58\x1b\x58\x31\x03\x12\x02\x00\x00\x00\x00\x2d\x97\xaf\x20\x8e\x14\x03\
        \x39\x02\x00\x00\x00\x00\x31\x17\xf6\x1f\x60\x2c\x03\xf2\x01\x00\x00\x00\x00\x8d\x89\xbc\xc9\x6b\xfe\x01\
        \x0b\x02\x00\x00\x00\x00\x99\xe5\x1c\xb9\x54\x02\x01\x0f\x02\x00\x00\x00\x00\xcc\xb7\x20\x44\x87\x34\x03\
        \xe9\x01\x00\x00\x00\x00\x13\xf3\xff\x34\x8a\x3b\x03\xe8\x01\x00\x00\x00\x00\x25\x4d\xde\x34\x74\x15\x01\
        \xe7\x01\x00\x00\x00\x00\x2a\x59\xd4\x46\x81\x18\x03\xde\x01\x00\x00\x00\x00\x07\x54\x70\x65\x13\xb9\x02\
        \xe7\x01\x00\x00\x00\x00\xbd\x78\xc5\x8e\x88\xbf\x01\xc5\x01\x00\x00\x00\x00\x96\x51\x3f\x47\x0e\x60\x02\
        \xc3\x01\x00\x00\x00\x00\xa6\x8b\x9d\x22\x35\x35\x03\x03\x02\x00\x00\x00\x00\xbd\xdd\x99\x52\x6f\x06\x01\
        \x19\x02\x00\x00\x00\x00\x35\x49\x9d\xd2\x0e\x7f\x02\xcd\x01\x00\x00\x00\x00\x4f\x75\x44\x5f\x3e\x1e\x02\
        \xc2\x01\x00\x00\x00\x00\xbb\xfb\x71\x7b\x2c\x88\x01\xe8\x01\x00\x00\x00\x00\x4d\x74\x35\x7d\x81\x0f\x03\
        \xb0\x01\x00\x00\x00\x00\x0f\xc0\x7a\xf8\x54\xd2\x00\xb3\x01\x00\x00\x00\x00\x64\x24\x55\x6b\x46\x63\x01\
        \xaa\x01\x00\x00\x00\x00\x5d\x9a\xfe\x46\x76\x12\x03\xeb\x01\x00\x00\x00\x00\x23\x4b\xff\xa1\x53\xbb\x00\
        \xf7\x01\x00\x00\x00\x00\xd8\x00\x65\xb1\x24\x0c\x01\x0e\x02\x00\x00\x00\x00\x22\x3a\xc3\x3d\x2f\x79\x02\
        \x84\x01\x00\x00\x00\x00\x60\x56\xb0\xef\x81\xc1\x01\xc1\x01\x00\x00\x00\x00\x03\x93\xa2\xd9\x19\x5b\x00\
        \xcc\x01\x00\x00\x00\x00\x75\xb9\x1b\x09\x67\x11\x01\xef\x01\x00\x00\x00\x00\xd3\xc1\x32\x6d\x08\x6e\x02\
        \x8e\x01\x00\x00\x00\x00\xee\xd8\x87\x19\x79\x3f\x03\xa0\x01\x00\x00\x00\x00\x5c\x0f\xc8\xc5\x27\xbf\x00\
        \x63\x01\x00\x00\x00\x00\x0f\x76\x8d\x77\x26\x6a\x00\x6e\x01\x00\x00\x00\x00\xec\x98\xca\xec\x85\x2b\x03\
        \x93\x01\x00\x00\x00\x00\x11\x01\x51\x1a\x28\x59\x02\x4e\x01\x00\x00\x00\x00\xae\x27\x67\xf0\x8b\x0d\x02\
        \x4b\x01\x00\x00\x00\x00\x15\xcd\x46\x89\x28\x18\x01\x3a\x01\x00\x00\x00\x00\xcf\xb5\x70\xa2\x85\x5f\x02\
        \x85\x01\x00\x00\x00\x00\x9c\x57\x2d\x47\x07\x0a\x03\x48\x01\x00\x00\x00\x00\x34\x46\x83\xaa\x51\x40\x03\
        \x5d\x01\x00\x00\x00\x00\xfd\xa9\xd1\xe6\x08\x08\x03\x2c\x01\x00\x00\x00\x00\x19\x44\xcb\xd3\x6e\xff\x01\
        \x45\x01\x00\x00\x00\x00\x09\x14\xc1\xcd\x0c\x55\x00\x20\x01\x00\x00\x00\x00\xec\xf9\xf0\x33\x72\x80\x02\
        \x30\x01\x00\x00\x00\x00\xcd\x8f\x4b\xa5\x8e\x72\x02\x1d\x01\x00\x00\x00\x00\x5f\x48\x7c\x7a\x43\x53\x01\
        \x1d\x01\x00\x00\x00\x00\x9c\x7e\x74\x4e\x6a\x75\x02\x36\x01\x00\x00\x00\x00\x4f\x2e\xd6\x39\x6d\x68\x00\
        \x16\x01\x00\x00\x00\x00\x30\x6c\xa3\x06\x80\xc5\x00\x17\x01\x00\x00\x00\x00\x52\x99\xf7\xad\x6c\x71\x02\
        \x65\x01\x00\x00\x00\x00\xd0\x7f\xd1\x1c\x7f\x89\x00\x2c\x01\x00\x00\x00\x00\x95\xd5\xe6\xc2\x5f\x25\x02\
        \x1b\x01\x00\x00\x00\x00\x73\x51\x26\x7b\x19\x9f\x02\x46\x01\x00\x00\x00\x00\x49\xc3\x1c\x08\x0e\xe1\x01\
        \x18\x01\x00\x00\x00\x00\x75\x19\x09\x7c\x3d\xe2\x00\x0b\x01\x00\x00\x00\x00\x8a\x92\x8c\x4a\x2d\x45\x03\
        \x1b\x01\x00\x00\x00\x00\x27\xf8\xff\xe9\x7c\x63\x02\x19\x01\x00\x00\x00\x00\x0d\xb3\xd6\x29\x81\x44\x03\
        \x0d\x01\x00\x00\x00\x00\xea\x54\xc5\x69\x5b\x54\x00\x0e\x01\x00\x00\x00\x00\x48\xa7\xc7\xe1\x72\x23\x02\
        \x12\x01\x00\x00\x00\x00\x59\xe9\xaf\x84\x2b\x1e\x03\x03\x01\x00\x00\x00\x00\x58\x04\x5a\x9c\x3b\x99\x03\
        \x02\x01\x00\x00\x00\x00\x09\xca\x5e\xf8\x8a\x76\x02\xfe\x00\x00\x00\x00\x00\x34\xbf\x72\x89\x1f\x3f\x02\
        \x1a\x01\x00\x00\x00\x00\x7d\x10\x23\x35\x46\xd6\x00\x10\x01\x00\x00\x00\x00\xf8\x19\xe2\x70\x61\x97\x03\
        \xf5\x00\x00\x00\x00\x00\x11\x96\x8f\xfa\x1c\xc2\x00\x04\x01\x00\x00\x00\x00\xdb\x64\x6c\xb2\x64\x5e\x03\
        \xf7\x00\x00\x00\x00\x00\x6d\x7a\x86\x33\x59\xd8\x00\x08\x01\x00\x00\x00\x00\x14\x60\x1f\x61\x1a\xe1\x02\
        \x23\x01\x00\x00\x00\x00\x1a\xbf\xe4\xc7\x45\x72\x03\xdf\x00\x00\x00\x00\x00\x1f\xdb\xa8\x97\x88\x5a\x03\
        \xf1\x00\x00\x00\x00\x00\xfc\x24\x44\xc3\x5b\x3a\x03\xe4\x00\x00\x00\x00\x00\x8e\x19\x63\x31\x8b\xb8\x00\
        \xdf\x00\x00\x00\x00\x00\x76\xe1\xcb\x4f\x90\x41\x03\xf6\x00\x00\x00\x00\x00\x84\xcf\xbe\xd4\x43\xa0\x02\
        \xe6\x00\x00\x00\x00\x00\xbe\xd5\xd5\x62\x33\xec\x01\x0e\x01\x00\x00\x00\x00\xb6\x35\x04\x8f\x0d\xb5\x02\
        \xec\x00\x00\x00\x00\x00\x2f\x7b\x21\x07\x71\x4c\x03\xed\x00\x00\x00\x00\x00\x7d\xc9\x1c\xe0\x3f\xdf\x02\
        \x14\x01\x00\x00\x00\x00\x9f\x9e\xa4\xc2\x8c\x49\x02\xfe\x00\x00\x00\x00\x00\x05\x79\x3c\xcd\x2a\xb6\x02\
        \xd6\x00\x00\x00\x00\x00\x4b\x15\x71\xb1\x54\x57\x03\xd2\x00\x00\x00\x00\x00\xff\x8e\x2c\xd3\x47\x4d\x03\
        \x04\x01\x00\x00\x00\x00\x0c\x53\x48\xd5\x75\x38\x02\xe3\x00\x00\x00\x00\x00\x35\xa8\x67\x72\x05\xbd\x02\
        \xf6\x00\x00\x00\x00\x00\xfd\x96\x6c\xf5\x80\x2a\x03\xce\x00\x00\x00\x00\x00\xb0\x7a\xd5\x03\x6a\x7a\x01\
        \xca\x00\x00\x00\x00\x00\x4d\x8a\x01\xd6\x1e\x67\x03\xe3\x00\x00\x00\x00\x00\xe9\xe7\x5a\x49\x12\x5c\x00\
        \x02\x01\x00\x00\x00\x00\x8e\xb4\x86\x77\x1e\x9e\x02\xc7\x00\x00\x00\x00\x00\x38\xcc\x46\x81\x0a\x4c\x01\
        \xcb\x00\x00\x00\x00\x00\x46\x98\x83\x0f\x61\x68\x03\xcf\x00\x00\x00\x00\x00\x70\x2f\xd6\xd5\x01\x7b\x03\
        \xcb\x00\x00\x00\x00\x00\x67\x0d\x5c\xdc\x42\x22\x01\xc5\x00\x00\x00\x00\x00\x93\x7c\xe6\x78\x5e\x44\x02\
        \xc4\x00\x00\x00\x00\x00\xdb\x0f\x8a\xa9\x8b\x4e\x03\xc7\x00\x00\x00\x00\x00\x20\x89\x71\xf3\x4c\x60\x03\
        \xc2\x00\x00\x00\x00\x00\xc9\x9a\x2b\xa8\x8a\x6e\x00\xc3\x00\x00\x00\x00\x00\x58\x4a\x1d\x4a\x6f\x52\x02\
        \xf5\x00\x00\x00\x00\x00\xaf\x8e\x2e\x6d\x00\xa5\x02\xcc\x00\x00\x00\x00\x00\x66\xcd\x6d\xc4\x58\x54\x01\
        \xd2\x00\x00\x00\x00\x00\xaf\xb1\x69\x54\x24\x26\x01\xc6\x00\x00\x00\x00\x00\x9e\xaa\x49\x86\x52\x50\x01\
        \x0a\x01\x00\x00\x00\x00\x18\x3b\xd2\xcd\x24\x14\x02\xc6\x00\x00\x00\x00\x00\xad\xc5\xff\xfe\x06\x64\x02\
        \xbc\x00\x00\x00\x00\x00\xd3\xc5\x72\x20\x15\x92\x00\x00\x01\x00\x00\x00\x00\x11\x40\xbf\x93\x2b\x7b\x02\
        \xbe\x00\x00\x00\x00\x00\x02\x94\xad\x7a\x18\xd5\x02\xb2\x00\x00\x00\x00\x00\x0e\xf8\x89\x8a\x17\xa6\x03\
        \xbd\x00\x00\x00\x00\x00\x0e\xd1\x4e\x31\x08\x88\x02\xda\x00\x00\x00\x00\x00\x8d\x4c\xb0\xed\x7d\xb4\x01\
        \xac\x00\x00\x00\x00\x00\x3d\xa5\x81\x5d\x65\xa8\x02\xac\x00\x00\x00\x00\x00\x33\x2d\xce\x9e\x06\x1b\x01\
        \xce\x00\x00\x00\x00\x00\xef\x8a\x85\x58\x00\x20\x03\xb0\x00\x00\x00\x00\x00\x30\xf8\x51\x37\x79\x50\x03\
        \xad\x00\x00\x00\x00\x00\x2f\x0c\x13\xb9\x2a\xce\x01\xb1\x00\x00\x00\x00\x00\x36\xbc\x17\x6a\x0b\xac\x02\
        \xce\x00\x00\x00\x00\x00\x75\xfe\x30\xb5\x79\x5b\x03\xbe\x00\x00\x00\x00\x00\x82\x21\x5c\x33\x74\x36\x03\
        \xa9\x00\x00\x00\x00\x00\x50\x5d\x6a\x0f\x3c\x9b\x03\xa8\x00\x00\x00\x00\x00\xcb\x56\x90\x60\x8f\x10\x02\
        \xa5\x00\x00\x00\x00\x00\xed\x0c\xbe\x57\x23\x5d\x03\xbd\x00\x00\x00\x00\x00\xe4\x4d\x8f\x66\x11\x17\x03\
        \xad\x00\x00\x00\x00\x00\xa7\xd9\x3e\xc0\x4e\xf2\x01\xa6\x00\x00\x00\x00\x00\x3a\x00\x9c\x15\x24\x4a\x02\
        \xa3\x00\x00\x00\x00\x00\x86\xfd\x04\x04\x35\x3d\x02\x9d\x00\x00\x00\x00\x00\x87\xbc\xde\xcd\x1c\x7a\x03\
        \xb2\x00\x00\x00\x00\x00\x2e\x96\xc2\x97\x7d\x39\x03\x9e\x00\x00\x00\x00\x00\x51\x05\x99\xd1\x5a\x49\x03\
        \xa9\x00\x00\x00\x00\x00\x31\x9a\x7e\xa3\x89\xa9\x02\xb2\x00\x00\x00\x00\x00\x1d\x8e\x7a\x7f\x80\x2f\x03\
        \x9a\x00\x00\x00\x00\x00\x17\x5c\x7e\x41\x69\x32\x02\xa3\x00\x00\x00\x00\x00\x6e\xbd\x93\xbb\x12\xab\x02\
        \x97\x00\x00\x00\x00\x00\x4c\x89\xdc\x7d\x71\x6d\x00\xb4\x00\x00\x00\x00\x00\x23\x09\xfb\xc8\x2b\xb7\x01\
        \x9a\x00\x00\x00\x00\x00\xe6\x70\xae\x1b\x55\xb7\x03\xa3\x00\x00\x00\x00\x00\x11\xe1\x7d\xe2\x75\x1f\x01\
        \xa2\x00\x00\x00\x00\x00\x36\x6a\xb3\x9b\x13\xf9\x02\xbd\x00\x00\x00\x00\x00\x53\x71\xca\x2f\x0d\xe8\x01\
        \x97\x00\x00\x00\x00\x00\x56\x92\x67\x9f\x6c\x12\x02\xbb\x00\x00\x00\x00\x00\x9d\x14\xcf\x97\x48\x9c\x01\
        \x90\x00\x00\x00\x00\x00\x57\xdd\xa5\x4c\x10\x72\x00\x8a\x00\x00\x00\x00\x00\x65\xa1\x6f\x12\x44\xfd\x01\
        \xa4\x00\x00\x00\x00\x00\x19\x10\xf7\x0e\x57\x57\x02\xb6\x00\x00\x00\x00\x00\x16\x9c\xfd\x9a\x88\x88\x03\
        \x90\x00\x00\x00\x00\x00\x30\x3a\xce\xfd\x71\x1a\x02\x89\x00\x00\x00\x00\x00\x47\x6d\xfb\x5f\x30\xe9\x01\
        \x97\x00\x00\x00\x00\x00\x57\x31\x42\x10\x31\xef\x01\x8c\x00\x00\x00\x00\x00\x2b\x56\x56\xfb\x11\xa1\x03\
        \x83\x00\x00\x00\x00\x00\x1f\xe1\x57\x19\x45\x1d\x01\x77\x00\x00\x00\x00\x00\xfc\x80\xa0\x56\x1d\xe7\x02\
        \x78\x00\x00\x00\x00\x00\x83\x8a\xbf\xca\x8e\xe2\x02\x8f\x00\x00\x00\x00\x00\x3f\x8c\xf0\xee\x37\x49\x01\
        \x71\x00\x00\x00\x00\x00\xa0\x9c\xa6\x26\x6e\x75\x03\x7a\x00\x00\x00\x00\x00\x04\xf8\x34\xca\x69\x87\x02\
        \x87\x00\x00\x00\x00\x00\xf1\x14\x93\xe8\x52\x2b\x02\x73\x00\x00\x00\x00\x00\x92\x50\x02\x47\x24\x9a\x03\
        \x96\x00\x00\x00\x00\x00\x03\xcb\x35\xc1\x63\xfd\x00\x84\x00\x00\x00\x00\x00\x6b\xac\xfa\x23\x76\x30\x02\
        \x70\x00\x00\x00\x00\x00\x2f\xaa\xfd\xe9\x6a\x52\x03\x67\x00\x00\x00\x00\x00\xa3\x4b\x8f\xb9\x3c\xd8\x02\
        \x69\x00\x00\x00\x00\x00\x83\x1f\x6e\x61\x8a\x31\x02\x65\x00\x00\x00\x00\x00\xee\x04\x02\xfc\x24\x51\x03\
        \x76\x00\x00\x00\x00\x00\xbf\x7a\xcb\xca\x71\x8a\x01\x62\x00\x00\x00\x00\x00\x4e\x41\xb9\x50\x20\x36\x02\
        \x64\x00\x00\x00\x00\x00\x34\x04\x35\xdf\x85\x20\x01\x65\x00\x00\x00\x00\x00\xd7\xcf\xae\x83\x00\x32\x03\
        \x5f\x00\x00\x00\x00\x00\x4b\x02\x18\x6f\x0b\x7c\x01\x5e\x00\x00\x00\x00\x00\x47\xbf\xdf\xb1\x78\x6d\x03\
        \x68\x00\x00\x00\x00\x00\x32\x50\x85\xd8\x50\x63\x03\x63\x00\x00\x00\x00\x00\x2f\x4d\x8d\x35\x7f\x38\x03\
        \x63\x00\x00\x00\x00\x00\x19\x16\x99\xab\x8a\x76\x01\x5b\x00\x00\x00\x00\x00\x2d\x0f\xa0\xbc\x2b\x48\x01\
        \x6c\x00\x00\x00\x00\x00\x77\xa0\xb1\x3c\x8b\x83\x02\x74\x00\x00\x00\x00\x00\xe5\x98\x50\x2d\x50\x8d\x02\
        \x58\x00\x00\x00\x00\x00\x05\x20\x65\x4a\x62\x70\x03\x6d\x00\x00\x00\x00\x00\xfc\xb0\x5e\x5a\x59\x39\x01\
        \x57\x00\x00\x00\x00\x00\x0d\xd0\xfa\xa8\x0d\x66\x02\x5b\x00\x00\x00\x00\x00\x99\x9f\x05\x53\x7c\xb5\x00\
        \x66\x00\x00\x00\x00\x00\xf1\x41\xeb\xf0\x20\x37\x03\x66\x00\x00\x00\x00\x00\x42\x27\x8b\x9f\x28\x25\x03\
        \x59\x00\x00\x00\x00\x00\x13\x14\xfe\x35\x89\xd2\x01\x56\x00\x00\x00\x00\x00\xdc\x86\x82\xb5\x8c\x91\x03\
        \x65\x00\x00\x00\x00\x00\x1e\x2c\xa0\x7b\x6d\x47\x03\x4f\x00\x00\x00\x00\x00\xf7\xa5\x9b\x33\x85\x80\x03\
        \x4e\x00\x00\x00\x00\x00\x10\x82\x69\x10\x1a\xfe\x00\x4e\x00\x00\x00\x00\x00\x98\x36\x32\x58\x77\x99\x02\
        \x4e\x00\x00\x00\x00\x00\x1e\x84\x80\x35\x5a\x06\x03\x56\x00\x00\x00\x00\x00\xbf\x93\x26\x61\x43\xa7\x03\
        \x4d\x00\x00\x00\x00\x00\x7d\x04\xe0\xa2\x20\x79\x03\x4c\x00\x00\x00\x00\x00\x71\x51\xd0\x4d\x02\x53\x03\
        \x49\x00\x00\x00\x00\x00\x35\xfa\xd3\x95\x83\x5c\x02\x54\x00\x00\x00\x00\x00\x81\xa1\xf9\xf5\x77\x50\x02\
        \x4f\x00\x00\x00\x00\x00\x50\x99\x08\x07\x70\x46\x03\x50\x00\x00\x00\x00\x00\xa2\xf8\x61\x35\x01\x4d\x02\
        \x50\x00\x00\x00\x00\x00\xb8\x1a\x98\x97\x7c\x11\x00\x55\x00\x00\x00\x00\x00\x31\x4b\x88\xed\x88\xbd\x00"),
    // Variable 1, tau^2: 225 terms.
    (1, 2, b"\
        \x41\xba\xd0\x02\x00\x00\xa2\x5c\x0f\x9e\x64\x26\x00\x5c\xac\xd3\x01\x00\x00\x1c\x47\xd6\x36\x44\x4e\x01\
        \x65\x67\xe2\x00\x00\x00\x4f\xf6\x59\x25\x49\x00\x00\x6f\xaa\x30\x00\x00\x00\x32\x9f\x36\x91\x18\x31\x01\
        \xc5\xa3\x29\x00\x00\x00\xb1\xf8\xc0\xd1\x70\x6b\x01\xf0\xde\x26\x00\x00\x00\x90\xc0\xc1\xcb\x4f\x37\x02\
        \xd6\x42\x1a\x00\x00\x00\xc6\xf2\x86\x7e\x61\x37\x00\x2d\xd9\x05\x00\x00\x00\xc4\x8b\x9f\x4b\x86\xf5\x00\
        \x9a\x9b\x05\x00\x00\x00\x2d\x8a\xd0\xfb\x8c\x7d\x00\x9f\xc2\x05\x00\x00\x00\x14\xb6\xfb\xb4\x11\x2a\x01\
        \xea\x25\x05\x00\x00\x00\x5d\xfd\xfd\x28\x58\x15\x00\xe2\xb3\x04\x00\x00\x00\x8e\x02\xac\x26\x10\xae\x00\
        \x69\x44\x03\x00\x00\x00\x36\x1c\x16\x2a\x59\xb1\x02\xa9\x1c\x03\x00\x00\x00\x01\x67\x55\x64\x7c\x48\x02\
        \x50\x03\x03\x00\x00\x00\x2e\x9e\xe0\xd2\x39\x17\x00\xec\x3a\x02\x00\x00\x00\x0d\xef\x57\xc9\x58\xab\x01\
        \x31\x62\x02\x00\x00\x00\xa6\x0d\xe8\xb3\x1f\x28\x02\x29\xfa\x01\x00\x00\x00\x73\xaa\xf4\xe9\x87\xee\x00\
        \x01\x2a\x02\x00\x00\x00\x73\xde\xdd\x10\x26\xfc\x00\x4c\xca\x01\x00\x00\x00\x91\x6a\x95\xee\x20\x96\x01\
        \xa1\x79\x01\x00\x00\x00\x49\x3b\xd2\xf0\x5d\x87\x00\xc8\x62\x01\x00\x00\x00\x5a\xf9\x3c\xc1\x19\x74\x00\
        \xa5\x33\x01\x00\x00\x00\xb9\xa4\x10\xfb\x6b\x72\x01\xc9\x1a\x01\x00\x00\x00\xb6\x41\x05\x9c\x33\xc6\x01\
        \x18\x55\x01\x00\x00\x00\x6d\xfa\x7a\xb5\x3a\xa1\x01\x35\xde\x00\x00\x00\x00\x57\x70\x35\xb0\x48\xb3\x00\
        \xe7\xbd\x00\x00\x00\x00\x91\xa9\xee\xf0\x26\xd0\x00\x68\xe4\x00\x00\x00\x00\xc8\x1d\xc0\x62\x13\xaa\x00\
        \xe1\x9c\x00\x00\x00\x00\x1e\xed\x8a\xb5\x5d\x3f\x00\x5d\x9b\x00\x00\x00\x00\xc1\xdc\x26\x84\x0e\xd7\x00\
        \x9a\x8b\x00\x00\x00\x00\x01\x65\x4c\x27\x36\xc0\x01\x0a\x64\x00\x00\x00\x00\xad\x9b\xc4\xb1\x3a\x62\x02\
        \x49\x72\x00\x00\x00\x00\x88\xaa\xfa\x02\x54\x31\x00\x45\x5c\x00\x00\x00\x00\xa2\x78\x59\xf2\x45\x0c\x02\
        \x8e\x6c\x00\x00\x00\x00\x2b\xf3\xad\x71\x4b\xe7\x01\x84\x65\x00\x00\x00\x00\x96\x22\x62\xe6\x68\xcc\x01\
        \xab\x62\x00\x00\x00\x00\x04\x75\x1b\x42\x1c\x24\x02\x00\x4c\x00\x00\x00\x00\xd8\xe9\x62\xed\x63\x60\x01\
        \x20\x3f\x00\x00\x00\x00\xc2\x41\x2e\x6b\x87\xb8\x02\xf7\x44\x00\x00\x00\x00\xdc\xea\xef\xd6\x12\x23\x01\
        \x32\x45\x00\x00\x00\x00\x6e\x11\xc5\x0a\x62\xf4\x02\x36\x42\x00\x00\x00\x00\x2b\x88\x5d\xa5\x2a\x3c\x01\
        \x40\x39\x00\x00\x00\x00\x7d\x51\x15\x1a\x5d\x8c\x00\x95\x35\x00\x00\x00\x00\x43\x0f\x4d\xfa\x29\xcc\x00\
        \xb0\x33\x00\x00\x00\x00\x92\x07\xcc\xa2\x3a\x70\x00\xe3\x31\x00\x00\x00\x00\xc0\xfd\x28\xbd\x65\x65\x02\
        \xcf\x3b\x00\x00\x00\x00\x84\xa7\x03\xe6\x0f\x00\x02\xac\x2a\x00\x00\x00\x00\x9c\x97\x3b\x7c\x67\x3b\x01\
        \x4e\x36\x00\x00\x00\x00\xe2\xce\x16\xbc\x8a\xd4\x00\xf6\x24\x00\x00\x00\x00\xfa\x4e\x10\xbc\x32\x5e\x02\
        \x58\x22\x00\x00\x00\x00\xfc\x8d\x90\x9a\x4c\xb7\x00\xab\x1e\x00\x00\x00\x00\x16\x01\x24\x23\x86\xea\x01\
        \xd8\x1d\x00\x00\x00\x00\x6e\x99\x25\x57\x3f\x61\x01\x5f\x23\x00\x00\x00\x00\xe3\xd5\x76\x14\x26\xaa\x02\
        \xef\x21\x00\x00\x00\x00\xd0\x34\x0b\x3f\x4d\xe2\x01\xd3\x18\x00\x00\x00\x00\x96\xba\x56\x94\x0b\x07\x02\
        \xd7\x19\x00\x00\x00\x00\xcb\xf5\x25\xd9\x32\x73\x02\x04\x15\x00\x00\x00\x00\x8e\x1c\x63\xd0\x8b\xeb\x00\
        \xd2\x11\x00\x00\x00\x00\x95\xec\x06\x3d\x20\x70\x02\x0f\x11\x00\x00\x00\x00\x2e\x14\xc0\x28\x76\x4b\x02\
        \xb8\x10\x00\x00\x00\x00\x6d\x0d\xe3\xce\x46\xc3\x02\x13\x11\x00\x00\x00\x00\xb8\x66\x10\x79\x7f\x01\x01\
        \x69\x10\x00\x00\x00\x00\x0b\x9e\xba\x11\x7b\x3d\x00\x6e\x0f\x00\x00\x00\x00\x69\x89\x95\x23\x1d\xed\x01\
        \xb6\x14\x00\x00\x00\x00\xdd\x4b\x49\x26\x55\x77\x02\x10\x11\x00\x00\x00\x00\xe1\x2b\xb5\xf7\x34\x86\x02\
        \x86\x0d\x00\x00\x00\x00\xba\x33\x04\x01\x23\x2c\x01\xc5\x0a\x00\x00\x00\x00\x8b\x6d\x04\x6d\x32\x9a\x02\
        \x90\x0a\x00\x00\x00\x00\xf2\xf5\x40\x65\x18\xa7\x02\x4b\x0b\x00\x00\x00\x00\x7e\xa9\x02\xb3\x2f\x81\x02\
        \x03\x0c\x00\x00\x00\x00\x4e\x31\x24\x13\x17\xa8\x00\x85\x09\x00\x00\x00\x00\xce\x93\x4a\x23\x37\x96\x02\
        \x99\x08\x00\x00\x00\x00\x64\x2e\xda\xb1\x39\xbe\x01\x2d\x08\x00\x00\x00\x00\xcf\x47\xe5\xb0\x56\x9c\x02\
        \xe1\x08\x00\x00\x00\x00\xf4\xcc\xde\x98\x46\x5b\x02\x9b\x07\x00\x00\x00\x00\x34\xce\x38\xf3\x2b\xc0\x02\
        \x09\x08\x00\x00\x00\x00\x59\xd6\xbe\xe3\x8f\xd9\x00\xab\x05\x00\x00\x00\x00\x7d\xc7\xac\xe8\x6d\x4a\x00\
        \xa9\x05\x00\x00\x00\x00\xfa\xf7\xe8\x39\x4a\xa8\x01\x61\x05\x00\x00\x00\x00\x68\x27\xcf\x53\x77\x89\x02\
        \x8d\x05\x00\x00\x00\x00\x6c\x56\x2d\x64\x2e\x9a\x01\x79\x05\x00\x00\x00\x00\x26\xa0\x4b\x61\x63\x79\x01\
        \xf1\x04\x00\x00\x00\x00\x4d\xc0\x37\x29\x00\xf7\x02\xf8\x04\x00\x00\x00\x00\xfc\x40\x5d\x69\x34\xcb\x02\
        \xd6\x04\x00\x00\x00\x00\x8c\x39\x31\xe6\x28\xbf\x02\xb6\x04\x00\x00\x00\x00\x8f\x69\x25\xe3\x32\xce\x02\
        \xd5\x05\x00\x00\x00\x00\x0d\x4c\x8f\xc9\x5d\x70\x01\x22\x05\x00\x00\x00\x00\x97\xe9\x85\xf0\x6e\x41\x02\
        \x56\x04\x00\x00\x00\x00\xc5\x06\x17\x51\x45\x6c\x00\x03\x04\x00\x00\x00\x00\xfd\x80\xd0\x5e\x2e\xc9\x00\
        \x58\x05\x00\x00\x00\x00\x4d\x3c\x3a\xd2\x6b\x1c\x03\x01\x04\x00\x00\x00\x00\xb2\x72\xd0\x63\x57\x47\x00\
        \xd2\x03\x00\x00\x00\x00\x18\xbd\x7d\x2c\x46\x8e\x00\xcb\x04\x00\x00\x00\x00\x33\x8e\x29\x9c\x1c\x22\x02\
        \xc5\x03\x00\x00\x00\x00\xa9\x5c\xec\x65\x1b\x77\x00\xf7\x03\x00\x00\x00\x00\xc6\xe1\xd3\x49\x2b\xd0\x01\
        \x9c\x03\x00\x00\x00\x00\xe7\x95\xfe\x41\x52\xb9\x00\xdc\x03\x00\x00\x00\x00\x7c\x3c\x74\xb9\x75\xc5\x02\
        \x23\x04\x00\x00\x00\x00\x2d\xd1\x50\x23\x03\xf1\x00\x33\x03\x00\x00\x00\x00\x5e\x66\x0c\x05\x2f\x2e\x02\
        \x78\x03\x00\x00\x00\x00\x49\x5c\xb5\xf5\x28\xdb\x02\xf5\x03\x00\x00\x00\x00\xba\x4f\x15\x60\x41\x94\x02\
        \x17\x03\x00\x00\x00\x00\xd1\x6e\x7c\xa6\x72\x2d\x02\x06\x03\x00\x00\x00\x00\x25\xbd\x69\x80\x2c\xf1\x02\
        \xd9\x02\x00\x00\x00\x00\x4a\xc4\xeb\x9a\x4c\x99\x01\xe7\x02\x00\x00\x00\x00\x12\x28\x1c\xc0\x3d\x83\x00\
        \xcf\x02\x00\x00\x00\x00\x2d\xe0\x86\xe2\x44\xe8\x02\xb5\x02\x00\x00\x00\x00\xeb\x2e\xda\x85\x02\x0e\x02\
        \x3c\x03\x00\x00\x00\x00\x5f\x56\x20\x8a\x3f\x92\x01\x09\x03\x00\x00\x00\x00\xa0\xa2\xab\x0a\x26\xe5\x02\
        \x8b\x02\x00\x00\x00\x00\x92\xeb\xec\xc4\x1b\xfa\x00\xa9\x02\x00\x00\x00\x00\x2c\x31\x76\x78\x7f\x89\x03\
        \xa9\x02\x00\x00\x00\x00\x5c\x65\x0f\x8e\x48\x87\x03\x84\x02\x00\x00\x00\x00\xee\x16\xd8\x16\x6d\x90\x01\
        \x99\x02\x00\x00\x00\x00\xff\x7e\x03\x79\x2b\xf0\x02\x75\x02\x00\x00\x00\x00\x88\xf7\x0c\x30\x47\xe4\x00\
        \x7d\x02\x00\x00\x00\x00\x80\xe1\x75\x3e\x2b\xa9\x01\xcb\x02\x00\x00\x00\x00\x2f\xa4\xe5\x01\x47\xff\x02\
        \x7b\x02\x00\x00\x00\x00\xdc\x0c\x89\xaf\x69\xa0\x03\x7b\x02\x00\x00\x00\x00\x1c\xb5\x3c\x4f\x0e\xa2\x03\
        \x35\x03\x00\x00\x00\x00\xd4\x7f\xde\x70\x91\xfb\x00\xfc\x02\x00\x00\x00\x00\x5e\xf0\xf7\xb9\x64\xd0\x02\
        \x45\x02\x00\x00\x00\x00\x85\xa5\xeb\x78\x13\xd7\x02\x7e\x02\x00\x00\x00\x00\x8e\xff\x09\x0b\x42\xdd\x02\
        \x2e\x02\x00\x00\x00\x00\x77\x94\x45\x3a\x5c\x03\x01\x6f\x02\x00\x00\x00\x00\x0a\xb6\x2c\x92\x1c\x8b\x02\
        \xc7\x02\x00\x00\x00\x00\x99\xa6\xa2\xfa\x4f\xe0\x01\x04\x02\x00\x00\x00\x00\x1f\x0f\x8b\xc4\x19\x84\x00\
        \x17\x02\x00\x00\x00\x00\x22\x26\x37\x4d\x24\xe3\x02\x24\x02\x00\x00\x00\x00\xd7\x25\xdf\x71\x66\xae\x01\
        \x9c\x01\x00\x00\x00\x00\xa5\xcb\xb7\x2f\x1d\xac\x00\x9e\x01\x00\x00\x00\x00\xac\x2c\x2a\x1d\x3e\x07\x03\
        \x15\x02\x00\x00\x00\x00\x28\x70\xf9\x7e\x3b\xca\x02\x89\x01\x00\x00\x00\x00\x86\x10\x1b\x6e\x1d\xb2\x00\
        \xac\x01\x00\x00\x00\x00\xdd\x65\x7e\x5b\x22\xfd\x02\xa1\x01\x00\x00\x00\x00\x22\x31\xf5\x1e\x43\x42\x02\
        \xaf\x01\x00\x00\x00\x00\xe2\xc4\x6a\x7e\x74\x3b\x03\x94\x01\x00\x00\x00\x00\x42\x03\x3a\xc7\x51\x23\x03\
        \xb1\x01\x00\x00\x00\x00\xde\x93\x6c\x06\x64\x88\x03\x37\x01\x00\x00\x00\x00\x50\x28\x05\x93\x07\x1e\x03\
        \x3b\x01\x00\x00\x00\x00\xe9\x22\xe3\xef\x03\x79\x02\x47\x01\x00\x00\x00\x00\x75\x32\xed\x4d\x4e\x59\x02\
        \x54\x01\x00\x00\x00\x00\x31\xe9\x2c\x75\x22\x05\x03\x18\x01\x00\x00\x00\x00\x69\xe5\xa4\xe5\x7e\x01\x03\
        \x1e\x01\x00\x00\x00\x00\x51\x9d\x62\x5e\x27\x0b\x03\x10\x01\x00\x00\x00\x00\x79\x7b\x1e\x65\x06\xd5\x00\
        \x1d\x01\x00\x00\x00\x00\xdf\x9c\x3a\x23\x44\x31\x03\xf2\x00\x00\x00\x00\x00\x9f\x50\xdf\x20\x91\xfe\x01\
        \x09\x01\x00\x00\x00\x00\x49\xb9\xd4\x55\x08\x2a\x03\xf7\x00\x00\x00\x00\x00\xb8\x2a\xd2\x50\x38\x6e\x02\
        \x2f\x01\x00\x00\x00\x00\xf0\x55\xf6\x95\x38\x62\x00\xfb\x00\x00\x00\x00\x00\x94\x90\x77\x23\x0a\x3e\x03\
        \xe2\x00\x00\x00\x00\x00\x19\x29\x22\xa2\x68\x7b\x03\xe9\x00\x00\x00\x00\x00\x6e\xb9\x1e\xae\x7f\xb9\x02\
        \x10\x01\x00\x00\x00\x00\x41\x00\x60\x85\x45\x93\x02\x1d\x01\x00\x00\x00\x00\x0c\xda\x27\xb6\x3c\x16\x03\
        \xcf\x00\x00\x00\x00\x00\x97\x72\xe1\x5e\x8a\x9a\x03\x1b\x01\x00\x00\x00\x00\x3c\x3a\x47\x3b\x2f\x3a\x03\
        \x23\x01\x00\x00\x00\x00\x67\xb0\x1d\xae\x77\xb5\x02\xe9\x00\x00\x00\x00\x00\x48\x77\xf2\x16\x3f\x7f\x02\
        \x0c\x01\x00\x00\x00\x00\xca\xa4\x94\x12\x75\xea\x02\xef\x00\x00\x00\x00\x00\x72\x56\x14\xb7\x24\x22\x03\
        \x1c\x01\x00\x00\x00\x00\x06\xf6\x69\xe0\x34\x2c\x03\xfe\x00\x00\x00\x00\x00\xa5\xc4\xc6\xca\x1f\x44\x03\
        \xdd\x00\x00\x00\x00\x00\x3c\x42\x14\x4b\x1b\x34\x03\xe0\x00\x00\x00\x00\x00\x6c\x09\x95\xf2\x1d\x35\x03\
        \xcd\x00\x00\x00\x00\x00\xec\x42\xf9\xf3\x4c\x46\x03\xde\x00\x00\x00\x00\x00\xf4\xe2\x18\xbd\x0e\x39\x03\
        \xbc\x00\x00\x00\x00\x00\x09\xc4\x66\xd1\x8b\x71\x00\xc1\x00\x00\x00\x00\x00\x9d\x00\x2f\xa3\x24\x0e\x03\
        \xf7\x00\x00\x00\x00\x00\xe9\xbb\xb6\x7e\x34\xee\x02\xc6\x00\x00\x00\x00\x00\x42\x8a\x18\xa5\x3b\x1a\x03\
        \xcb\x00\x00\x00\x00\x00\x71\x99\x40\x4d\x4f\x76\x00\xb3\x00\x00\x00\x00\x00\x4d\x79\xb2\x9f\x0c\xfb\x02\
        \xb2\x00\x00\x00\x00\x00\x21\x2e\x9c\x8e\x81\x08\x03\xb0\x00\x00\x00\x00\x00\xee\xb7\xac\x4f\x21\x03\x02\
        \xde\x00\x00\x00\x00\x00\x88\x8a\xfa\x65\x55\x89\x00\xb2\x00\x00\x00\x00\x00\xdf\xbc\x2c\x1f\x0f\x67\x02\
        \xc7\x00\x00\x00\x00\x00\x13\xfd\xa5\xbc\x1a\x14\x03\xa6\x00\x00\x00\x00\x00\xcf\x27\x2e\x4a\x5f\x92\x03\
        \xb7\x00\x00\x00\x00\x00\xed\x4d\xfb\xaa\x1d\x04\x03\xe3\x00\x00\x00\x00\x00\x16\xcc\x40\x48\x27\xa5\x02\
        \xbc\x00\x00\x00\x00\x00\xe6\xc3\xbf\xa2\x64\x49\x02\xe1\x00\x00\x00\x00\x00\x1a\x99\x00\xfc\x55\x0f\x03\
        \xa2\x00\x00\x00\x00\x00\x30\xba\x96\xdc\x53\x36\x03\xcb\x00\x00\x00\x00\x00\x52\xb7\xa9\x33\x34\x5f\x00\
        \x98\x00\x00\x00\x00\x00\x96\xcf\xab\x9e\x7f\xa7\x03\xbf\x00\x00\x00\x00\x00\xa3\xc3\xea\x8e\x3e\xc9\x02\
        \xbd\x00\x00\x00\x00\x00\x20\x8f\x61\xba\x44\xc2\x01\xb2\x00\x00\x00\x00\x00\xf3\x00\xc7\x47\x3d\x40\x03\
        \xa8\x00\x00\x00\x00\x00\x67\x64\x21\x4b\x7d\xab\x02\x98\x00\x00\x00\x00\x00\x22\xd3\x2c\x95\x23\x30\x03\
        \xac\x00\x00\x00\x00\x00\x95\x58\x63\x29\x2b\x0a\x03\xa5\x00\x00\x00\x00\x00\x33\xa2\x05\xc6\x3e\x0a\x02\
        \xa1\x00\x00\x00\x00\x00\x51\xc1\xf1\x28\x6f\x72\x02\x8f\x00\x00\x00\x00\x00\x90\x11\x96\x0d\x91\xef\x01\
        \xbb\x00\x00\x00\x00\x00\xcd\x83\xfd\xe4\x1b\x43\x03\x86\x00\x00\x00\x00\x00\xa0\x1a\xf7\xd1\x3f\xbd\x02\
        \x7a\x00\x00\x00\x00\x00\x62\xe9\x8f\xa0\x80\xdb\x00\x8f\x00\x00\x00\x00\x00\xb9\xa2\x35\x2b\x1c\x19\x03\
        \x72\x00\x00\x00\x00\x00\xd7\xe5\x08\xde\x3a\xac\x02\x88\x00\x00\x00\x00\x00\x6c\x79\xe9\xba\x3e\xcb\x01\
        \x70\x00\x00\x00\x00\x00\xae\x87\x64\x6f\x86\x77\x01\x96\x00\x00\x00\x00\x00\x28\x40\x94\x79\x72\x4a\x03\
        \x77\x00\x00\x00\x00\x00\x97\xd4\xf6\x22\x80\x5f\x03\x95\x00\x00\x00\x00\x00\x9c\x5c\xb3\xea\x12\x3f\x03\
        \x67\x00\x00\x00\x00\x00\xad\x28\x37\xac\x12\x21\x03\x78\x00\x00\x00\x00\x00\xce\x36\xab\x8c\x41\x57\x03\
        \x6f\x00\x00\x00\x00\x00\x3e\x56\x92\x09\x39\x4d\x03\x6c\x00\x00\x00\x00\x00\x7c\x26\x5d\x09\x1f\x26\x02\
        \x85\x00\x00\x00\x00\x00\x71\x2c\x45\xcf\x07\x38\x03\x6c\x00\x00\x00\x00\x00\x62\x66\xde\x89\x3b\x5d\x03\
        \x77\x00\x00\x00\x00\x00\xda\x24\xa5\xcc\x17\x12\x03\x69\x00\x00\x00\x00\x00\x74\xa8\x4c\x37\x89\x55\x03\
        \x5e\x00\x00\x00\x00\x00\x6f\x6f\x1b\xa4\x14\x45\x03\x56\x00\x00\x00\x00\x00\xe1\x01\xe0\x8d\x1d\x25\x01\
        \x52\x00\x00\x00\x00\x00\x99\x75\xcf\x62\x6c\x41\x03\x51\x00\x00\x00\x00\x00\xde\xfb\x34\x17\x6a\x66\x03\
        \x54\x00\x00\x00\x00\x00\xe8\xbf\x00\x99\x80\x60\x03\x4b\x00\x00\x00\x00\x00\x5e\xb6\xb8\x71\x09\x18\x03\
        \x63\x00\x00\x00\x00\x00\x48\x5a\xf1\xef\x5b\x5e\x03\x50\x00\x00\x00\x00\x00\x1a\xb4\x51\x8e\x06\x2b\x03\
        \x49\x00\x00\x00\x00\x00\x7d\xb9\x3a\x00\x52\x32\x03\x5c\x00\x00\x00\x00\x00\x97\x70\xda\x03\x0a\x5a\x03\
        \x53\x00\x00\x00\x00\x00\xd7\x91\x2e\xde\x05\x1b\x03"),
    // Variable 1, tau^3: 120 terms.
    (1, 3, b"\
        \x29\x35\x63\x00\x00\x00\x82\x89\x09\x81\x3c\x26\x00\x04\xad\x14\x00\x00\x00\xeb\xa7\x50\x5c\x1f\x4e\x01\
        \xa3\x2e\x07\x00\x00\x00\x9c\xff\x50\xa0\x39\x37\x00\xa5\x5c\x06\x00\x00\x00\x09\x9c\x19\x8b\x4b\x6b\x01\
        \x66\x62\x05\x00\x00\x00\x85\xf3\x40\x3d\x45\x31\x01\x43\x87\x02\x00\x00\x00\x1e\x66\x3b\xb4\x30\x37\x02\
        \xf1\x52\x01\x00\x00\x00\xb1\x1f\xd8\x8b\x3a\x2a\x01\x9a\x86\x00\x00\x00\x00\x0d\x06\xca\xfb\x58\x48\x02\
        \x8f\x58\x00\x00\x00\x00\x36\x0c\xd5\x6c\x45\x72\x01\xd0\x5c\x00\x00\x00\x00\xf6\xa2\x97\xaa\x1d\xee\x00\
        \x55\x6f\x00\x00\x00\x00\x5c\xd7\xa2\xef\x38\xae\x00\x0a\x4d\x00\x00\x00\x00\x5d\xeb\xcd\x1c\x31\xab\x01\
        \x72\x45\x00\x00\x00\x00\x26\x14\xc9\x4e\x3c\xb1\x02\xfd\x4c\x00\x00\x00\x00\x0e\x95\x8d\xa1\x20\xf5\x00\
        \x4f\x49\x00\x00\x00\x00\xd4\xc6\x41\xf2\x24\x7d\x00\x77\x42\x00\x00\x00\x00\x23\xe3\x99\x8b\x35\x3f\x00\
        \x33\x3f\x00\x00\x00\x00\x3c\x4a\x96\x71\x49\x96\x01\x1e\x3e\x00\x00\x00\x00\x33\xf6\x0b\xd6\x4b\x28\x02\
        \x6d\x34\x00\x00\x00\x00\x49\xe6\x8f\x47\x40\x74\x00\xb1\x33\x00\x00\x00\x00\x0d\xbd\x5f\x15\x3b\xaa\x00\
        \x84\x31\x00\x00\x00\x00\x51\x07\x15\xdf\x91\xfc\x00\xb9\x21\x00\x00\x00\x00\x3b\xe1\x66\xbe\x34\x87\x00\
        \x3e\x1a\x00\x00\x00\x00\x40\x8a\x2e\xa1\x4f\xd0\x00\xff\x21\x00\x00\x00\x00\xcc\x5f\x3c\x0c\x29\x31\x00\
        \x81\x19\x00\x00\x00\x00\xe8\xc1\x0c\x01\x5e\xc0\x01\x15\x15\x00\x00\x00\x00\x92\x8d\xd3\x91\x7a\xd7\x00\
        \x35\x16\x00\x00\x00\x00\xfa\xb8\xd3\x9e\x3a\x23\x01\x50\x1d\x00\x00\x00\x00\x00\x00\x00\x00\x00\x00\x00\
        \x37\x15\x00\x00\x00\x00\x1d\x48\xa5\x92\x43\x24\x02\x9d\x0f\x00\x00\x00\x00\xb0\x04\xd2\x2b\x64\x70\x00\
        \x0f\x0f\x00\x00\x00\x00\xcb\x6a\x38\x03\x52\xcc\x00\xe3\x0e\x00\x00\x00\x00\x4a\xa1\x37\x34\x5f\xc6\x01\
        \xa0\x0c\x00\x00\x00\x00\x0a\xd7\xd3\x73\x22\x0c\x02\x73\x0b\x00\x00\x00\x00\xcc\xb1\x68\x71\x65\xb8\x02\
        \x61\x0a\x00\x00\x00\x00\xeb\x63\x2a\xa1\x1d\xb3\x00\xfc\x09\x00\x00\x00\x00\xa9\xc4\xec\xfd\x33\x8c\x00\
        \x6e\x09\x00\x00\x00\x00\x44\x37\x58\xf2\x43\xcc\x01\x61\x0a\x00\x00\x00\x00\x0e\x1e\xc5\xc6\x74\xe7\x01\
        \x8f\x07\x00\x00\x00\x00\x4d\xc1\xe0\x18\x41\x65\x02\xae\x08\x00\x00\x00\x00\x39\x52\x07\xb8\x37\x00\x02\
        \x45\x06\x00\x00\x00\x00\xea\x18\x53\x2b\x48\xf4\x02\xd3\x05\x00\x00\x00\x00\xad\xa1\xd2\x16\x24\xb7\x00\
        \x8e\x07\x00\x00\x00\x00\x86\xb4\x69\x9b\x74\xe2\x01\x30\x06\x00\x00\x00\x00\x38\xf8\xd0\x9e\x20\xeb\x00\
        \x06\x05\x00\x00\x00\x00\xe0\x92\xcb\xc8\x50\x4b\x02\xba\x04\x00\x00\x00\x00\x1f\x50\xc6\x76\x5e\x5e\x02\
        \xe3\x03\x00\x00\x00\x00\xea\x02\x9c\x56\x4f\x60\x01\x7f\x03\x00\x00\x00\x00\x20\xba\x57\x34\x26\xa1\x01\
        \xae\x03\x00\x00\x00\x00\x64\x04\x3d\xe6\x3e\xa8\x00\x31\x03\x00\x00\x00\x00\xbb\xf3\xe4\xb3\x4c\x70\x02\
        \xd1\x02\x00\x00\x00\x00\x6c\xeb\x25\xef\x25\x07\x02\xe9\x02\x00\x00\x00\x00\x3a\x0a\xe5\xb9\x1a\x62\x02\
        \xcf\x02\x00\x00\x00\x00\xc6\xb5\xb4\x13\x57\x01\x01\x92\x02\x00\x00\x00\x00\xa0\xbf\xc5\xbf\x43\xa7\x02\
        \x63\x02\x00\x00\x00\x00\x06\xdc\x9f\x91\x8a\xed\x01\x99\x02\x00\x00\x00\x00\x05\x1a\xee\x9c\x52\x3b\x01\
        \x61\x02\x00\x00\x00\x00\x17\xd1\x76\x9b\x60\xbe\x01\x56\x02\x00\x00\x00\x00\x21\x24\x9a\x4e\x6d\x6c\x00\
        \x9d\x02\x00\x00\x00\x00\xd0\x5e\x26\x53\x2d\x77\x02\x83\x02\x00\x00\x00\x00\xdb\xbe\x2c\x0f\x2f\x3c\x01\
        \xfc\x01\x00\x00\x00\x00\x1c\x19\x46\x56\x65\x86\x02\xfd\x01\x00\x00\x00\x00\x10\x9b\xe4\x4f\x73\x5b\x02\
        \x34\x02\x00\x00\x00\x00\x00\x24\x9d\x99\x4f\xaa\x02\x00\x02\x00\x00\x00\x00\x24\x53\x66\x37\x66\xd9\x00\
        \x24\x02\x00\x00\x00\x00\xe9\x91\x8b\x92\x34\x79\x01\xde\x01\x00\x00\x00\x00\xc0\x0b\x54\xe0\x59\x81\x02\
        \x7f\x01\x00\x00\x00\x00\x8f\x9f\x97\xa7\x05\x90\x01\xb2\x01\x00\x00\x00\x00\x43\x5a\xb8\xad\x44\x22\x02\
        \x78\x01\x00\x00\x00\x00\x9d\x8c\xbc\x4a\x21\x8e\x00\x86\x01\x00\x00\x00\x00\x57\xe9\x0d\x8b\x5e\x96\x02\
        \x81\x01\x00\x00\x00\x00\x52\x98\xe4\x80\x6d\x2c\x01\xac\x01\x00\x00\x00\x00\x4c\x4a\xe4\xca\x33\x70\x01\
        \x8a\x01\x00\x00\x00\x00\xa3\x70\x77\x72\x69\x94\x02\x32\x01\x00\x00\x00\x00\x36\xfd\x16\x09\x2f\x9c\x02\
        \x1b\x01\x00\x00\x00\x00\xae\xaa\x41\x8a\x16\xdd\x02\x16\x01\x00\x00\x00\x00\x50\xf6\x55\x55\x65\x0e\x02\
        \x35\x01\x00\x00\x00\x00\xd8\xbd\xbc\x33\x55\xea\x01\x56\x01\x00\x00\x00\x00\xf3\xdd\x24\x2d\x61\xcb\x02\
        \x03\x01\x00\x00\x00\x00\xfe\x16\x45\x52\x5d\x73\x02\x25\x01\x00\x00\x00\x00\x9d\xd5\xd1\x18\x5b\xc0\x02\
        \x03\x01\x00\x00\x00\x00\x37\x7f\x82\xa9\x17\x9a\x02\xfd\x00\x00\x00\x00\x00\xfb\x39\x95\xce\x48\xe3\x02\
        \xee\x00\x00\x00\x00\x00\xeb\x6c\x76\xbf\x8e\x8b\x02\xdc\x00\x00\x00\x00\x00\x4d\xb2\x67\x01\x70\xf7\x02\
        \xe1\x00\x00\x00\x00\x00\xd6\xd0\x42\x8d\x3a\xd7\x02\x16\x01\x00\x00\x00\x00\x2a\x17\x44\xbe\x54\xbf\x02\
        \xf2\x00\x00\x00\x00\x00\xd4\xa4\x1b\x8f\x43\x04\x03\xf2\x00\x00\x00\x00\x00\x47\x88\x83\x03\x53\xc5\x02\
        \xf8\x00\x00\x00\x00\x00\xb8\x53\x50\x34\x8c\xd0\x01\xc5\x00\x00\x00\x00\x00\x3a\x83\x3b\x8a\x78\x92\x01\
        \x00\x01\x00\x00\x00\x00\x35\x85\x7b\x91\x61\xca\x02\xc4\x00\x00\x00\x00\x00\x29\x05\x24\xfe\x11\xff\x02\
        \xb9\x00\x00\x00\x00\x00\xb5\x4d\x96\x3c\x5a\xc9\x00\xea\x00\x00\x00\x00\x00\x25\x23\x73\x38\x3b\x89\x02\
        \xb8\x00\x00\x00\x00\x00\xa0\x42\x32\xce\x56\x16\x03\xbd\x00\x00\x00\x00\x00\x83\xcc\x97\xb5\x85\x18\x03\
        \xa3\x00\x00\x00\x00\x00\x67\x5a\x77\x17\x1e\xc3\x02\xda\x00\x00\x00\x00\x00\x8e\xb1\x67\x09\x5a\xf0\x02\
        \xab\x00\x00\x00\x00\x00\x04\x76\xd7\x68\x7a\xe0\x01\xab\x00\x00\x00\x00\x00\x71\x66\x48\x1c\x61\xee\x02\
        \x95\x00\x00\x00\x00\x00\x8d\x94\x8e\x3f\x64\xe5\x02\x94\x00\x00\x00\x00\x00\x7e\x6e\x90\x37\x2b\x2e\x02\
        \x9b\x00\x00\x00\x00\x00\xc9\x98\xff\x60\x64\x05\x03\x98\x00\x00\x00\x00\x00\x48\xa1\x41\x85\x5c\x2d\x02\
        \x93\x00\x00\x00\x00\x00\x3b\xfa\x17\x48\x24\xb9\x00\xc4\x00\x00\x00\x00\x00\x84\xeb\x1c\x84\x33\xfe\x01\
        \xa0\x00\x00\x00\x00\x00\x92\x67\xc1\x3b\x29\x59\x02\x84\x00\x00\x00\x00\x00\xfd\x32\x6c\x27\x58\x41\x02\
        \xb3\x00\x00\x00\x00\x00\xec\xa0\x9d\xca\x81\x7f\x02\x79\x00\x00\x00\x00\x00\xd7\xe7\x7a\x68\x59\x19\x03\
        \x76\x00\x00\x00\x00\x00\xc4\x1f\x30\x60\x21\x79\x02\x7c\x00\x00\x00\x00\x00\xe4\x1a\xb9\x9e\x4f\x1c\x03\
        \xa2\x00\x00\x00\x00\x00\x0f\x58\xfe\xef\x2e\x61\x01\x6a\x00\x00\x00\x00\x00\x3f\xa2\xf0\xf3\x4b\xfb\x02\
        \x6b\x00\x00\x00\x00\x00\xe3\xb0\xcf\xac\x14\xbd\x02\x6b\x00\x00\x00\x00\x00\x47\xce\x77\x1d\x0e\x0a\x03\
        \x52\x00\x00\x00\x00\x00\x35\xd2\xd3\x60\x09\x30\x03\x50\x00\x00\x00\x00\x00\xd0\x7b\x8e\x27\x30\x35\x03\
        \x53\x00\x00\x00\x00\x00\x04\xd3\x79\x9a\x38\x0e\x03\x4f\x00\x00\x00\x00\x00\x72\x7e\xd6\x8d\x58\xb9\x02"),
    // Variable 1, tau^4: 48 terms.
    (1, 4, b"\
        \x41\x37\x0a\x00\x00\x00\x2e\x4d\x1b\xdb\x13\x26\x00\x7d\x86\x01\x00\x00\x00\x92\x39\x44\x49\x11\x37\x00\
        \x6e\xc3\x00\x00\x00\x00\x67\x97\x9f\x81\x26\x6b\x01\xaa\xaa\x00\x00\x00\x00\x71\xe7\x5b\x7d\x87\x4e\x01\
        \x32\x7c\x00\x00\x00\x00\xf7\x55\xd0\x1f\x71\x31\x01\x8f\x39\x00\x00\x00\x00\x4c\x65\x4c\xe6\x63\x2a\x01\
        \xd8\x20\x00\x00\x00\x00\x88\x52\x22\xec\x0f\x37\x02\x3e\x13\x00\x00\x00\x00\xe7\xee\x9b\x3e\x1e\x72\x01\
        \xd3\x11\x00\x00\x00\x00\x91\xbd\xb6\xe3\x35\x48\x02\x9e\x10\x00\x00\x00\x00\xeb\x5e\x8c\x38\x0b\x3f\x00\
        \x1c\x0c\x00\x00\x00\x00\x59\x06\x5f\xe8\x45\xee\x00\x05\x08\x00\x00\x00\x00\x09\x56\x7e\x47\x09\xab\x01\
        \xe4\x06\x00\x00\x00\x00\xc1\x6b\x2b\x37\x72\x96\x01\x6d\x07\x00\x00\x00\x00\x0a\x13\x5f\x1b\x63\xaa\x00\
        \x9a\x06\x00\x00\x00\x00\xeb\x1f\x97\x01\x63\xae\x00\x41\x05\x00\x00\x00\x00\x1f\xc1\x67\xe2\x75\x28\x02\
        \xbb\x04\x00\x00\x00\x00\xd4\x94\x92\xc3\x6d\x74\x00\x43\x04\x00\x00\x00\x00\xc5\x18\x0e\xbe\x1e\xb1\x02\
        \xcb\x03\x00\x00\x00\x00\xf1\x78\xf5\x21\x84\xc0\x01\xa7\x03\x00\x00\x00\x00\x5d\x62\x2d\x02\x8d\x70\x00\
        \xad\x03\x00\x00\x00\x00\x55\x65\xac\x8c\x6c\x24\x02\x8b\x03\x00\x00\x00\x00\xd1\xca\xbb\x58\x6a\xfc\x00\
        \x0f\x03\x00\x00\x00\x00\xac\xed\x39\x1f\x4f\xf5\x00\xfb\x02\x00\x00\x00\x00\x1c\xd0\xc2\xb3\x51\x7d\x00\
        \xe1\x02\x00\x00\x00\x00\x2b\x21\x07\x74\x0c\x87\x00\x9d\x01\x00\x00\x00\x00\x70\x80\x49\x7b\x79\xcc\x00\
        \x8d\x01\x00\x00\x00\x00\x2c\x66\xf7\xe5\x90\x0c\x02\x77\x01\x00\x00\x00\x00\xae\xfc\x57\x8b\x79\xd0\x00\
        \x65\x01\x00\x00\x00\x00\xb0\x5c\x4e\x17\x6f\x23\x01\xa6\x01\x00\x00\x00\x00\x28\x7f\xe0\x87\x0d\x8c\x00\
        \x3e\x01\x00\x00\x00\x00\x7e\x26\xac\xf2\x51\xd7\x00\x61\x01\x00\x00\x00\x00\x65\x4c\x0a\xda\x5e\x00\x02\
        \x3e\x01\x00\x00\x00\x00\xca\x3f\x2b\x2c\x0b\xe2\x01\xfb\x00\x00\x00\x00\x00\x17\x33\x38\xd5\x29\x4b\x02\
        \xff\x00\x00\x00\x00\x00\xc6\x07\x42\x71\x44\xb8\x02\xd2\x00\x00\x00\x00\x00\xbe\x86\x0b\xd6\x09\xb7\x00\
        \xbc\x00\x00\x00\x00\x00\xb7\x31\xf8\xe8\x19\x65\x02\xbb\x00\x00\x00\x00\x00\x35\xf0\xea\x49\x32\x81\x02\
        \xb4\x00\x00\x00\x00\x00\x65\x73\x46\x33\x50\x5b\x02\x9d\x00\x00\x00\x00\x00\x1b\x00\x13\xe7\x46\x77\x02\
        \xad\x00\x00\x00\x00\x00\x75\x9b\x74\x6b\x79\xaa\x02\xa0\x00\x00\x00\x00\x00\x28\xe8\xc4\x8c\x2c\xf4\x02\
        \xc2\x00\x00\x00\x00\x00\xb7\x41\x99\x64\x6e\x5e\x02\x77\x00\x00\x00\x00\x00\x51\x13\xde\x93\x34\xd9\x00\
        \x7f\x00\x00\x00\x00\x00\x6b\x97\x45\xfa\x26\xd7\x02\x83\x00\x00\x00\x00\x00\xc1\x6a\xff\x32\x0c\x79\x01\
        \x63\x00\x00\x00\x00\x00\x88\xa8\x46\x80\x50\xae\x01\x4d\x00\x00\x00\x00\x00\x02\x00\x13\xc3\x4c\x86\x02"),
    // Variable 1, tau^5: 11 terms.
    (1, 5, b"\
        \xe7\xc1\x00\x00\x00\x00\xa2\x60\x54\x6a\x7a\x26\x00\x9f\x3d\x00\x00\x00\x00\x8e\x3b\x12\x34\x7a\x37\x00\
        \xe6\x10\x00\x00\x00\x00\x71\xa7\x97\x9e\x00\x6b\x01\x25\x06\x00\x00\x00\x00\x3d\xd0\xd9\x91\x1b\x31\x01\
        \x33\x03\x00\x00\x00\x00\xf1\x58\x07\x93\x88\x72\x01\xd4\x02\x00\x00\x00\x00\x25\x7c\xc6\x8d\x14\x2a\x01\
        \x68\x01\x00\x00\x00\x00\xc5\xad\x2c\x3d\x12\x48\x02\x3f\x01\x00\x00\x00\x00\x17\xd0\x21\x6f\x85\x37\x02\
        \xc6\x00\x00\x00\x00\x00\x21\x10\xa0\x04\x01\xb1\x02\x6b\x00\x00\x00\x00\x00\x76\xd9\x3b\x2a\x02\x4b\x02\
        \x4f\x00\x00\x00\x00\x00\x11\x54\x5b\x91\x8f\x4e\x01"),
    // Variable 2, tau^0: 249 terms.
    (2, 0, b"\
        \x16\x54\x38\x87\x00\x00\x01\xdd\x77\xda\x52\x4e\x01\xb2\x08\x8e\x06\x00\x00\x7d\x64\x0d\xfe\x5a\x37\x02\
        \x76\xd8\x8f\x06\x00\x00\x00\x00\x00\x00\x00\x00\x00\x34\x9e\x7b\x00\x00\x00\x15\x87\x0b\xf0\x53\x31\x01\
        \x5c\x39\x5c\x00\x00\x00\xf3\x83\x9c\x28\x63\xb1\x02\x96\x3b\x62\x00\x00\x00\x6f\xc0\x84\x21\x07\x6b\x01\
        \xc0\xe3\x10\x00\x00\x00\x30\x95\x09\x82\x45\x62\x02\x53\x5e\x0e\x00\x00\x00\xab\x83\x0f\x5d\x44\x28\x02\
        \x88\xa4\x0d\x00\x00\x00\xdb\xe8\x7a\xd9\x28\x26\x00\x30\xb5\x0b\x00\x00\x00\x6d\x47\x3a\x2b\x32\xa1\x01\
        \xc8\x68\x0e\x00\x00\x00\x10\xab\x1b\x01\x27\xfc\x00\xbb\x70\x0a\x00\x00\x00\xc6\x82\x1c\xa3\x55\xb3\x00\
        \xe7\x99\x09\x00\x00\x00\xa4\xb0\x28\xfb\x0e\x48\x02\x15\xc1\x0c\x00\x00\x00\xd2\xdb\x2b\x94\x78\x7d\x00\
        \xd7\x1c\x08\x00\x00\x00\x7c\x63\x7d\xef\x3e\x87\x00\xbc\x85\x08\x00\x00\x00\x91\x30\xc1\x50\x00\xea\x01\
        \x41\x16\x07\x00\x00\x00\xe0\x9e\xd8\x51\x1b\x07\x02\xe0\x93\x06\x00\x00\x00\x3c\x01\x62\xba\x3c\xf5\x00\
        \xc9\x5c\x05\x00\x00\x00\x57\x8c\x7e\x59\x6b\xf4\x02\x0c\xe1\x01\x00\x00\x00\xe9\xc6\xa6\xfd\x4d\xc3\x02\
        \x5e\xc1\x01\x00\x00\x00\x1f\x22\xee\x8d\x75\xd4\x00\x3f\x04\x02\x00\x00\x00\x5c\xe7\x1b\x40\x6f\xcc\x01\
        \xea\x93\x01\x00\x00\x00\x77\xd7\x0f\xfd\x35\x9a\x02\x9b\xc6\x01\x00\x00\x00\x51\x0a\x77\x4a\x20\xd7\x00\
        \x14\x90\x01\x00\x00\x00\x5f\x07\xfd\x68\x49\xaa\x02\x52\x95\x01\x00\x00\x00\xb9\xf6\xf2\x2b\x56\x2a\x01\
        \x3a\x33\x01\x00\x00\x00\xa7\x83\xa7\xbd\x5c\x73\x02\x2f\x11\x01\x00\x00\x00\x2a\x43\x29\x9b\x3b\x0c\x02\
        \x2d\xd9\x00\x00\x00\x00\x9d\x04\x3d\xbb\x08\x89\x02\x12\xcb\x00\x00\x00\x00\x5d\xf5\x45\x0d\x17\xb8\x02\
        \x9a\xd7\x00\x00\x00\x00\x24\xe4\xb6\x5a\x09\x3b\x01\xe0\xf7\x00\x00\x00\x00\x96\x4a\x79\xca\x68\xc6\x01\
        \x1b\xc2\x00\x00\x00\x00\xbe\x29\xac\x57\x04\x72\x01\xbf\xbe\x00\x00\x00\x00\x7d\xdd\x62\x2e\x53\x61\x01\
        \xc1\x6e\x00\x00\x00\x00\x86\xde\x43\xbf\x23\x96\x01\x19\x72\x00\x00\x00\x00\x46\x80\xf2\x75\x7e\xae\x00\
        \xd7\x5a\x00\x00\x00\x00\x2e\x7e\x8b\x94\x8a\xe7\x01\x39\x59\x00\x00\x00\x00\xbb\x60\xf0\x2e\x90\x60\x01\
        \xa2\x5a\x00\x00\x00\x00\xe6\xc4\xb3\xa3\x5e\x3c\x01\x73\x5f\x00\x00\x00\x00\xe8\x05\x58\x3f\x8e\x65\x02\
        \x7c\x52\x00\x00\x00\x00\xc0\x92\x1f\x8f\x73\x1c\x03\xd6\x45\x00\x00\x00\x00\x92\xac\x41\xe0\x47\xce\x02\
        \x6a\x3f\x00\x00\x00\x00\x44\xeb\xb0\x93\x70\x86\x02\x42\x53\x00\x00\x00\x00\x36\x3a\x11\xbe\x3e\x24\x02\
        \x7c\x3d\x00\x00\x00\x00\xdb\x15\x44\xce\x1a\x00\x02\xad\x43\x00\x00\x00\x00\x89\xd3\x13\x9d\x25\x37\x00\
        \x54\x34\x00\x00\x00\x00\xa6\x27\x58\xad\x35\xed\x01\x80\x2e\x00\x00\x00\x00\xaf\xc9\x45\x22\x48\xf1\x02\
        \xd6\x2d\x00\x00\x00\x00\x76\x9a\x70\xe4\x41\xe8\x02\x1b\x2c\x00\x00\x00\x00\xad\xb2\x62\x0a\x17\x01\x01\
        \x36\x2e\x00\x00\x00\x00\x3e\x64\x3d\xf3\x6e\xd0\x00\xce\x29\x00\x00\x00\x00\x74\xf6\x9f\x30\x56\xff\x02\
        \x3f\x2a\x00\x00\x00\x00\x4c\x22\x8f\x7f\x87\x77\x02\xc1\x34\x00\x00\x00\x00\x8b\x4b\xec\x65\x4c\x5e\x02\
        \xc3\x27\x00\x00\x00\x00\xcb\x71\x28\x3b\x3c\x8c\x00\x88\x29\x00\x00\x00\x00\x69\x80\x5d\xe2\x79\x74\x00\
        \x42\x22\x00\x00\x00\x00\xdc\x7a\x6c\x6b\x09\xb7\x00\x0f\x1d\x00\x00\x00\x00\x19\x15\xf0\x99\x44\xee\x00\
        \x07\x18\x00\x00\x00\x00\x37\xd8\x8c\xa7\x3e\xe4\x00\xa4\x13\x00\x00\x00\x00\xf0\x12\x38\xf0\x10\x2d\x02\
        \x4b\x13\x00\x00\x00\x00\xda\xed\x42\x2c\x11\xdd\x02\x2d\x15\x00\x00\x00\x00\x5b\xd4\x21\x23\x5f\xc0\x02\
        \x30\x17\x00\x00\x00\x00\xef\x42\xc5\x98\x64\x42\x02\x81\x12\x00\x00\x00\x00\xaf\x34\x5a\x4c\x5f\x3f\x01\
        \xaa\x0f\x00\x00\x00\x00\x0c\x15\xcc\xff\x0b\x4b\x02\x65\x12\x00\x00\x00\x00\x7a\x19\x67\xdb\x2a\x15\x02\
        \x86\x0f\x00\x00\x00\x00\x1a\x7f\xaa\x1b\x1f\xf7\x02\xb2\x0e\x00\x00\x00\x00\x4a\x5d\x07\x81\x53\x4f\x01\
        \x7b\x12\x00\x00\x00\x00\x7d\xaa\xf4\x82\x8f\x5d\x01\x3a\x12\x00\x00\x00\x00\xeb\xc2\xec\x14\x89\xab\x01\
        \xb3\x0e\x00\x00\x00\x00\xce\xcc\x96\x0c\x09\x4d\x01\x51\x0d\x00\x00\x00\x00\xe7\xce\xee\x63\x5e\xdb\x02\
        \x82\x0d\x00\x00\x00\x00\x9a\xcb\xdb\x0f\x50\x9c\x02\x86\x10\x00\x00\x00\x00\xe1\x36\xb5\x19\x34\x67\x00\
        \x13\x0c\x00\x00\x00\x00\xb1\x52\x99\xd5\x03\xc5\x02\xa0\x0b\x00\x00\x00\x00\xc9\x65\x90\xd3\x10\x56\x01\
        \x5a\x0c\x00\x00\x00\x00\x09\xab\xaa\x1d\x1d\xd9\x00\xa7\x0a\x00\x00\x00\x00\xf8\xba\x09\xe8\x65\x9a\x00\
        \x15\x0b\x00\x00\x00\x00\x95\x2f\xf7\x64\x01\x8f\x02\xa7\x0b\x00\x00\x00\x00\x89\xfb\x7b\xba\x4b\x46\x01\
        \xb8\x08\x00\x00\x00\x00\x6b\x93\xd2\x16\x06\x41\x02\xa0\x09\x00\x00\x00\x00\xf0\x2c\xad\x38\x1b\x0b\x01\
        \x24\x0a\x00\x00\x00\x00\xa0\x30\x87\xf3\x4c\x07\x03\xc4\x07\x00\x00\x00\x00\xfe\xfd\x66\x6b\x42\xa7\x02\
        \xdf\x09\x00\x00\x00\x00\xb2\x59\xd5\x68\x8a\xf7\x01\xdd\x08\x00\x00\x00\x00\x29\x6a\x8f\x5b\x1e\x17\x00\
        \xce\x06\x00\x00\x00\x00\xe6\xe8\x2d\xc2\x68\x70\x02\xb2\x06\x00\x00\x00\x00\x4c\x98\xf0\x26\x60\xe5\x02\
        \xec\x07\x00\x00\x00\x00\x5c\x45\xad\xa6\x5c\x2e\x02\x83\x06\x00\x00\x00\x00\xb9\x1d\xe4\x63\x08\xa7\x03\
        \x2b\x06\x00\x00\x00\x00\x30\x0e\x60\x68\x8e\xd0\x02\x71\x05\x00\x00\x00\x00\x90\x8b\x71\xfd\x55\xfd\x02\
        \x44\x06\x00\x00\x00\x00\x31\xc6\xe7\x4b\x2e\x50\x00\x2d\x05\x00\x00\x00\x00\x77\xcd\xc0\x84\x28\x49\x01\
        \xab\x05\x00\x00\x00\x00\x1c\x01\x6a\xd6\x37\x0e\x03\x3a\x06\x00\x00\x00\x00\xaa\x66\x68\x53\x30\x1e\x02\
        \x27\x05\x00\x00\x00\x00\xcc\x8b\xf8\x24\x1f\x92\x01\x42\x05\x00\x00\x00\x00\x32\xf9\x26\x47\x4c\x1a\x03\
        \xce\x04\x00\x00\x00\x00\x5b\xce\x17\x8d\x04\xce\x00\xc7\x04\x00\x00\x00\x00\x09\xc8\x0f\xbf\x42\x8b\x02\
        \x2c\x05\x00\x00\x00\x00\xca\x25\x94\x0c\x34\x53\x01\x20\x04\x00\x00\x00\x00\xc8\x1f\x96\x9c\x58\x68\x00\
        \x1a\x04\x00\x00\x00\x00\x28\xf8\xea\xf9\x6c\xcb\x02\xca\x04\x00\x00\x00\x00\xc9\x9b\x1f\x55\x7c\x3b\x03\
        \xf1\x03\x00\x00\x00\x00\x85\xd7\x90\x69\x4a\x16\x03\xf2\x04\x00\x00\x00\x00\xaf\x20\x86\xf2\x46\x8c\x01\
        \xba\x03\x00\x00\x00\x00\xcb\xbc\xf9\x19\x5a\xc0\x01\x64\x04\x00\x00\x00\x00\xf7\x35\x1b\x25\x25\x15\x00\
        \xd2\x03\x00\x00\x00\x00\xe4\x2a\x8b\xdf\x05\x14\x02\xb4\x03\x00\x00\x00\x00\x0e\xc1\x3b\x05\x05\xd0\x01\
        \xb2\x03\x00\x00\x00\x00\x91\x48\xe1\xb7\x5b\x23\x01\x98\x03\x00\x00\x00\x00\x7d\x99\x3b\xb3\x1a\x0e\x02\
        \x31\x03\x00\x00\x00\x00\x05\x57\xce\x43\x8a\xe2\x01\x02\x03\x00\x00\x00\x00\xb8\xdc\xb6\xee\x44\x3d\x01\
        \xfa\x03\x00\x00\x00\x00\x6c\xa2\xad\x63\x81\xaa\x00\xf9\x02\x00\x00\x00\x00\x95\x15\x34\x2b\x20\x5f\x01\
        \xd6\x02\x00\x00\x00\x00\x99\x25\x8c\xbf\x5c\x05\x03\x5f\x03\x00\x00\x00\x00\xb3\xde\x34\x7c\x14\x18\x01\
        \x64\x03\x00\x00\x00\x00\x15\x24\x2f\x2d\x50\x82\x01\xc7\x02\x00\x00\x00\x00\x20\xf0\x82\xb6\x5f\x23\x03\
        \xc4\x02\x00\x00\x00\x00\x47\x7a\x11\xd0\x07\x48\x01\xc4\x02\x00\x00\x00\x00\x39\xa2\x08\x42\x5d\x54\x01\
        \x90\x02\x00\x00\x00\x00\xeb\x05\x77\x59\x66\x2c\x01\x21\x03\x00\x00\x00\x00\xa9\xb9\x69\x0e\x5e\x83\x02\
        \xa7\x02\x00\x00\x00\x00\x20\x75\xd6\x9f\x1b\x39\x01\x85\x02\x00\x00\x00\x00\x0e\x97\xe3\xdd\x76\x81\x02\
        \x9c\x02\x00\x00\x00\x00\x3f\x68\xac\x7b\x49\x63\x01\x97\x02\x00\x00\x00\x00\x8a\xd3\x2c\x2a\x11\x7b\x03\
        \x97\x02\x00\x00\x00\x00\x7a\xb2\x75\x93\x24\x92\x03\x1f\x02\x00\x00\x00\x00\xd8\x1c\x42\x23\x06\xb9\x00\
        \x0d\x02\x00\x00\x00\x00\xd4\xcc\x34\xe6\x90\x70\x01\x01\x02\x00\x00\x00\x00\xad\xdd\xaa\x05\x74\xcc\x00\
        \x20\x02\x00\x00\x00\x00\x32\xfe\x4f\xbf\x33\x22\x03\x13\x02\x00\x00\x00\x00\x10\xdd\xed\x17\x3d\x76\x00\
        \x5a\x02\x00\x00\x00\x00\x2d\xd0\x87\x57\x24\x0c\x01\x06\x02\x00\x00\x00\x00\x9b\xa1\x36\x22\x06\x79\x01\
        \x04\x02\x00\x00\x00\x00\xe8\xcb\xdd\x74\x19\xfe\x01\x93\x02\x00\x00\x00\x00\x9a\xc9\xd5\x93\x0e\x9f\x02\
        \x0c\x02\x00\x00\x00\x00\x46\xd3\x12\x11\x0f\x36\x01\x04\x02\x00\x00\x00\x00\x6b\x17\xa8\x06\x56\x66\x01\
        \xeb\x01\x00\x00\x00\x00\x7d\xb1\x66\x85\x54\x14\x03\x3a\x02\x00\x00\x00\x00\xfa\x49\x1a\x6e\x0e\x71\x01\
        \xf0\x01\x00\x00\x00\x00\xe0\x60\x15\x15\x33\xa0\x02\x14\x02\x00\x00\x00\x00\xbe\x73\x7d\xaa\x04\x38\x01\
        \xc1\x01\x00\x00\x00\x00\x1b\xfc\xe0\x86\x0e\x4c\x01\xc1\x01\x00\x00\x00\x00\x4a\xaf\x9f\x89\x56\x50\x01\
        \xed\x01\x00\x00\x00\x00\x97\x9f\xf6\x1d\x09\xb8\x00\xc2\x01\x00\x00\x00\x00\x94\xe4\x18\xff\x74\x25\x02\
        \xac\x01\x00\x00\x00\x00\xd7\x18\x58\xda\x7e\x32\x00\xf3\x01\x00\x00\x00\x00\xf5\xf2\xcb\x5f\x60\x64\x01\
        \x10\x02\x00\x00\x00\x00\x78\xe8\x7e\x16\x29\x37\x01\xc6\x01\x00\x00\x00\x00\x25\x7a\x91\x8c\x69\x30\x02\
        \x08\x02\x00\x00\x00\x00\xc8\x49\x99\xee\x3b\x65\x01\x8e\x01\x00\x00\x00\x00\x23\xe5\xa9\xac\x20\x0d\x02\
        \xc9\x01\x00\x00\x00\x00\xda\x4f\xc5\x40\x61\xf0\x02\xf9\x01\x00\x00\x00\x00\x41\xc0\x09\xec\x7c\x31\x02\
        \x18\x02\x00\x00\x00\x00\xc6\xa0\xce\xda\x6f\xb6\x02\x9f\x01\x00\x00\x00\x00\xaf\xed\x4b\x7c\x16\x0f\x03\
        \x06\x02\x00\x00\x00\x00\xad\x18\x7b\xb2\x0c\x3f\x02\x67\x01\x00\x00\x00\x00\x6e\xe0\xfe\xc2\x5d\x38\x02\
        \x65\x01\x00\x00\x00\x00\x29\x9c\xdf\x21\x3e\xe4\x01\xbb\x01\x00\x00\x00\x00\xad\x41\xda\xd1\x7a\x0d\x00\
        \x66\x01\x00\x00\x00\x00\x91\xc0\xd8\x67\x8a\x03\x01\xd7\x01\x00\x00\x00\x00\xd0\x25\x3a\x0c\x8d\x96\x02\
        \x82\x01\x00\x00\x00\x00\xbc\x37\x14\x48\x32\x9a\x03\xa8\x01\x00\x00\x00\x00\x14\xd8\xe3\x14\x3f\x22\x02\
        \x67\x01\x00\x00\x00\x00\x1e\xa3\x86\x4e\x13\x36\x02\x36\x01\x00\x00\x00\x00\x92\xa5\x4a\x83\x14\x51\x01\
        \x36\x01\x00\x00\x00\x00\xd3\x05\x36\x8d\x50\x4b\x01\x2c\x01\x00\x00\x00\x00\x0b\x2e\x7e\x38\x56\x19\x03\
        \x24\x01\x00\x00\x00\x00\x40\x93\x2a\x65\x3d\xf0\x00\x17\x01\x00\x00\x00\x00\x7c\x61\xbd\x6b\x25\xad\x01\
        \x23\x01\x00\x00\x00\x00\x39\x60\xc5\xc7\x87\x5b\x02\x72\x01\x00\x00\x00\x00\x08\xb9\x67\x14\x85\x5a\x01\
        \x0b\x01\x00\x00\x00\x00\x52\x70\x99\x8c\x7d\xd7\x02\x13\x01\x00\x00\x00\x00\x79\x4a\x98\xca\x4d\x2b\x01\
        \x0d\x01\x00\x00\x00\x00\xb7\xdb\xce\xb1\x18\xab\x02\x31\x01\x00\x00\x00\x00\x90\x69\x7a\x46\x3a\x25\x01\
        \x27\x01\x00\x00\x00\x00\x8d\x8f\xc0\xee\x2a\x77\x01\xfe\x00\x00\x00\x00\x00\xea\x01\x6e\x76\x45\x57\x02\
        \x21\x01\x00\x00\x00\x00\x10\x81\x11\x53\x2b\x3f\x00\x09\x01\x00\x00\x00\x00\x58\x05\x81\xcd\x72\xb4\x01\
        \xfa\x00\x00\x00\x00\x00\x28\x39\xe5\xfa\x09\xe1\x02\x34\x01\x00\x00\x00\x00\x8c\xf8\xd0\x38\x3e\x31\x03\
        \xde\x00\x00\x00\x00\x00\xfd\x1c\x6b\x7c\x6f\x29\x01\x39\x01\x00\x00\x00\x00\x91\xa3\x0e\xa5\x71\x42\x01\
        \xdd\x00\x00\x00\x00\x00\xca\x9d\x92\xcd\x64\xbf\x02\xd9\x00\x00\x00\x00\x00\x7c\xa4\x95\xa2\x50\x30\x03\
        \xd8\x00\x00\x00\x00\x00\x45\x70\x45\x28\x0c\x01\x03\xd6\x00\x00\x00\x00\x00\xb2\x69\x7a\xdf\x87\x73\x01\
        \x1b\x01\x00\x00\x00\x00\x1d\x12\xd4\x39\x43\x4d\x00\x10\x01\x00\x00\x00\x00\x3e\x98\xb0\x90\x26\x35\x03\
        \xea\x00\x00\x00\x00\x00\xd3\x33\x8d\x4e\x27\x1e\x03\xcd\x00\x00\x00\x00\x00\xb5\xf5\xe9\x45\x4e\x2b\x03\
        \x08\x01\x00\x00\x00\x00\x56\x8a\x50\x74\x54\x0b\x03\xbf\x00\x00\x00\x00\x00\x5f\x9b\x5e\x5f\x63\xff\x00\
        \xb3\x00\x00\x00\x00\x00\x78\x45\x78\x25\x5b\x42\x03\xb4\x00\x00\x00\x00\x00\x85\xec\x0e\x1b\x01\xe8\x00\
        \xf1\x00\x00\x00\x00\x00\xd9\xaa\x5e\x07\x5e\x1b\x01\xb1\x00\x00\x00\x00\x00\xaa\x47\xf2\x47\x63\xb3\x01\
        \xbb\x00\x00\x00\x00\x00\x06\x7e\x58\x77\x3f\xcb\x00\xea\x00\x00\x00\x00\x00\x67\x10\x83\x4e\x1f\xa1\x00\
        \xab\x00\x00\x00\x00\x00\x24\xa7\x2d\xed\x13\xb9\x02\xe0\x00\x00\x00\x00\x00\xbb\xca\x3b\xb1\x07\x80\x01\
        \xc8\x00\x00\x00\x00\x00\xc2\x07\xb1\xb3\x1d\x51\x00\xaa\x00\x00\x00\x00\x00\x18\x46\xe9\x9c\x73\x94\x02\
        \xd3\x00\x00\x00\x00\x00\xc0\x9d\x51\x80\x17\x35\x01\xd2\x00\x00\x00\x00\x00\x3c\x27\x97\x7f\x57\x2c\x03\
        \xa2\x00\x00\x00\x00\x00\x26\x48\x90\xdb\x88\x48\x03\xa3\x00\x00\x00\x00\x00\xcd\x16\x6f\xc8\x6b\xea\x02\
        \xbf\x00\x00\x00\x00\x00\x26\x3c\xd7\x91\x4d\x67\x01\x97\x00\x00\x00\x00\x00\xf9\xb5\xf8\x43\x1b\x3d\x02\
        \xa0\x00\x00\x00\x00\x00\xbd\x8d\x36\x58\x2a\xd1\x00\x9e\x00\x00\x00\x00\x00\xab\xcc\x1d\x71\x3c\x4a\x01\
        \x9e\x00\x00\x00\x00\x00\xba\xde\x62\x9f\x28\x52\x01\xad\x00\x00\x00\x00\x00\x5f\xb7\x9d\x63\x54\xbb\x00\
        \x8e\x00\x00\x00\x00\x00\xf6\xdd\x4e\x66\x10\x30\x01\x90\x00\x00\x00\x00\x00\x65\xe2\x06\xbb\x7c\x84\x00\
        \x90\x00\x00\x00\x00\x00\x03\x49\xa9\xfa\x8e\x5f\x02\xb2\x00\x00\x00\x00\x00\xea\xf1\x39\x65\x06\x59\x03\
        \x7e\x00\x00\x00\x00\x00\xcb\x97\xbe\xe9\x77\xfb\x02\x7e\x00\x00\x00\x00\x00\xbd\x66\x36\xa1\x4f\x11\x00\
        \x7f\x00\x00\x00\x00\x00\x37\x7a\xd0\x4c\x09\x62\x00\x7b\x00\x00\x00\x00\x00\x1f\x01\xdb\x42\x6f\x12\x03\
        \x7b\x00\x00\x00\x00\x00\x5f\x42\xe2\xc4\x0a\xae\x01\x90\x00\x00\x00\x00\x00\x59\x6f\x8d\xe1\x53\x32\x02\
        \x9e\x00\x00\x00\x00\x00\x07\xf7\x00\x94\x57\x71\x00\x77\x00\x00\x00\x00\x00\x8b\x3f\xd7\x0d\x5f\xac\x02\
        \x7d\x00\x00\x00\x00\x00\x47\x6f\x97\xda\x36\x39\x03\x7a\x00\x00\x00\x00\x00\xa3\xd8\xff\xbe\x4a\x45\x03\
        \x79\x00\x00\x00\x00\x00\x10\x59\xb3\x1b\x4f\x3d\x00\x83\x00\x00\x00\x00\x00\xa7\x52\x2b\x18\x27\x7b\x02\
        \x73\x00\x00\x00\x00\x00\x58\xc2\xf6\xe2\x36\xa3\x02\x7e\x00\x00\x00\x00\x00\x1f\x07\x09\x13\x38\x83\x00\
        \x83\x00\x00\x00\x00\x00\x6a\xfb\x2c\x0c\x20\x1f\x02\x79\x00\x00\x00\x00\x00\x82\x97\xb9\x4f\x25\x31\x00\
        \x79\x00\x00\x00\x00\x00\x90\xb7\x43\x4d\x0e\xb5\x02\x87\x00\x00\x00\x00\x00\x92\x09\x8a\xd2\x53\x8e\x00\
        \x89\x00\x00\x00\x00\x00\x0f\x72\x00\x4b\x38\x40\x03\x81\x00\x00\x00\x00\x00\xc5\xc8\x77\x41\x02\x08\x03\
        \x5c\x00\x00\x00\x00\x00\x93\x75\x23\xde\x71\x52\x02\x6a\x00\x00\x00\x00\x00\x08\x72\x8c\xbe\x78\x03\x03\
        \x72\x00\x00\x00\x00\x00\xb4\x15\x94\x0d\x45\x64\x02\x5c\x00\x00\x00\x00\x00\x1e\xa2\x66\x6c\x26\xef\x01\
        \x66\x00\x00\x00\x00\x00\xc0\x35\xe5\xcf\x54\x3a\x03\x67\x00\x00\x00\x00\x00\x8a\x77\xeb\xfa\x25\xd8\x02\
        \x50\x00\x00\x00\x00\x00\xea\x66\xab\x06\x09\x72\x03\x4a\x00\x00\x00\x00\x00\x58\xfc\xc5\x17\x5a\x36\x03\
        \x5f\x00\x00\x00\x00\x00\x78\xb3\xaa\xc1\x26\x5c\x02"),
    // Variable 2, tau^1: 120 terms.
    (2, 1, b"\
        \x36\x4a\xa9\x04\x00\x00\x9e\x9e\x6d\x7a\x23\x4e\x01\x51\xdd\x76\x00\x00\x00\x23\x6a\x5b\x79\x3c\x37\x02\
        \xfa\x8c\x2a\x00\x00\x00\x0b\x09\x5e\x11\x71\x6b\x01\x20\x13\x25\x00\x00\x00\x01\x01\xfe\x1c\x7f\x31\x01\
        \xf1\x4c\x1e\x00\x00\x00\x00\x00\x00\x00\x00\x00\x00\xd1\xdb\x0a\x00\x00\x00\x65\x2f\x48\x09\x49\xb1\x02\
        \x34\x78\x04\x00\x00\x00\xfe\xce\xe2\xec\x7a\x48\x02\x0c\xef\x03\x00\x00\x00\x9b\x5a\x9d\xfb\x6e\x28\x02\
        \x81\x23\x04\x00\x00\x00\xfe\xcb\x47\x5d\x02\x26\x00\xf5\x50\x01\x00\x00\x00\x85\xa5\x09\x3a\x19\x7d\x00\
        \x43\x37\x01\x00\x00\x00\xc1\xa1\xe8\x62\x18\x87\x00\xd9\x3d\x01\x00\x00\x00\x27\x14\xcf\xe0\x0e\xf5\x00\
        \x02\x3f\x01\x00\x00\x00\x1c\x70\x95\x75\x0b\xfc\x00\xd5\x13\x01\x00\x00\x00\x63\x38\x95\xb5\x41\xa1\x01\
        \xb0\x05\x01\x00\x00\x00\xac\x04\x34\xa4\x7f\x2a\x01\x81\xe4\x00\x00\x00\x00\xeb\xeb\xe1\x09\x53\xf4\x02\
        \x08\xcb\x00\x00\x00\x00\x69\x1d\x9f\x91\x42\x07\x02\xe4\xa0\x00\x00\x00\x00\x38\x0b\x29\xa5\x6e\x72\x01\
        \xf4\x9b\x00\x00\x00\x00\xe6\x60\xe0\x5e\x5b\xc6\x01\x2d\x9d\x00\x00\x00\x00\x5c\x8c\xf5\x70\x1a\x62\x02\
        \xd1\x65\x00\x00\x00\x00\xe8\xc6\x1c\xae\x84\xb8\x02\x49\x7a\x00\x00\x00\x00\xbb\x5f\x96\x6f\x8c\xd7\x00\
        \x15\x77\x00\x00\x00\x00\x73\xde\x00\x50\x8b\xd4\x00\xfb\x52\x00\x00\x00\x00\xe7\xe3\x69\xb4\x71\xb3\x00\
        \xb8\x43\x00\x00\x00\x00\x3a\x70\xba\x08\x26\x0c\x02\xbe\x3f\x00\x00\x00\x00\x83\xaa\x92\x2a\x27\xae\x00\
        \x6c\x54\x00\x00\x00\x00\xab\xe5\xc5\x37\x72\xaa\x02\xca\x3a\x00\x00\x00\x00\x4c\x44\x5d\x9c\x6b\x3b\x01\
        \xfa\x3b\x00\x00\x00\x00\x03\xef\xbb\x1a\x66\x60\x01\x72\x37\x00\x00\x00\x00\xab\xd1\xe8\x4f\x89\x3c\x01\
        \xe3\x2f\x00\x00\x00\x00\xbf\x3e\x1b\x3f\x86\x61\x01\xb8\x35\x00\x00\x00\x00\x93\x0a\xe7\x2b\x67\x24\x02\
        \xf6\x2a\x00\x00\x00\x00\x81\xa9\x00\x53\x55\xcc\x01\x54\x28\x00\x00\x00\x00\x4d\x43\x5a\x55\x65\x65\x02\
        \xf4\x2e\x00\x00\x00\x00\xfb\xd6\x3e\x04\x91\x37\x00\x09\x20\x00\x00\x00\x00\x83\xfa\xd9\xa0\x82\x73\x02\
        \xa5\x23\x00\x00\x00\x00\xec\xe4\x9b\x6b\x30\xc3\x02\x53\x1b\x00\x00\x00\x00\x39\xba\xa1\xdb\x55\x96\x01\
        \xdf\x19\x00\x00\x00\x00\x1d\xb5\xba\xde\x44\x00\x02\xc6\x1a\x00\x00\x00\x00\x68\xd4\x7b\x5d\x71\x5e\x02\
        \x10\x15\x00\x00\x00\x00\x5b\x4d\xd5\x72\x15\x8c\x00\x54\x13\x00\x00\x00\x00\xd5\x08\xf3\x04\x82\x01\x01\
        \x13\x17\x00\x00\x00\x00\x7d\x2a\xfc\x56\x5d\xab\x01\x28\x13\x00\x00\x00\x00\xc6\x90\xec\x89\x12\x74\x00\
        \xf1\x12\x00\x00\x00\x00\x55\x92\x86\xf6\x11\xed\x01\xca\x11\x00\x00\x00\x00\x21\x70\x1e\x35\x5c\x1c\x03\
        \xf4\x0d\x00\x00\x00\x00\xd2\xa0\x68\x40\x75\xb7\x00\x8f\x0d\x00\x00\x00\x00\x1a\xae\x21\x7b\x77\x4b\x02\
        \x1b\x0e\x00\x00\x00\x00\x33\x64\x4c\x96\x24\x9a\x02\x28\x0b\x00\x00\x00\x00\x58\x79\xab\xc0\x6c\x77\x02\
        \x41\x0d\x00\x00\x00\x00\xa5\x9e\xd6\xc0\x81\x89\x02\xc1\x0a\x00\x00\x00\x00\x65\xb0\x24\xdb\x0f\xea\x01\
        \x31\x08\x00\x00\x00\x00\x17\x94\xe9\x6d\x8f\xf7\x02\x42\x08\x00\x00\x00\x00\x76\x60\xd6\xc5\x88\xd9\x00\
        \x99\x07\x00\x00\x00\x00\x3f\xb7\x74\x2c\x17\xd0\x00\x65\x06\x00\x00\x00\x00\x0d\x49\x26\xb7\x02\xce\x02\
        \x6b\x07\x00\x00\x00\x00\x55\xee\x16\x5d\x75\xee\x00\xff\x06\x00\x00\x00\x00\x4e\x9f\x58\x36\x3f\x9c\x02\
        \x07\x06\x00\x00\x00\x00\x60\x69\x7d\xef\x71\x41\x02\x63\x05\x00\x00\x00\x00\x2f\x09\x69\x65\x6f\xc5\x02\
        \x4e\x06\x00\x00\x00\x00\x56\x0c\x7e\xcb\x7b\xf1\x02\x4c\x05\x00\x00\x00\x00\x72\x20\xc4\x98\x76\x2d\x02\
        \xc0\x05\x00\x00\x00\x00\xfa\x39\xa0\x16\x6a\xa7\x02\xc0\x04\x00\x00\x00\x00\xb1\xe9\xe3\xeb\x87\x70\x02\
        \x25\x04\x00\x00\x00\x00\xa4\xc5\x1f\x1b\x05\x42\x02\x01\x05\x00\x00\x00\x00\x2d\xe9\x5f\x4d\x3d\xff\x02\
        \x02\x05\x00\x00\x00\x00\x5d\xd0\x00\x9a\x66\xc0\x01\x39\x04\x00\x00\x00\x00\x3c\x13\xbc\xc5\x83\x23\x01\
        \xd4\x04\x00\x00\x00\x00\xd4\x63\xb4\xf8\x86\x2e\x02\x42\x03\x00\x00\x00\x00\x51\x36\x4a\xca\x83\xe7\x01\
        \x4b\x03\x00\x00\x00\x00\xf8\x57\x5f\x88\x20\xaa\x00\x5a\x04\x00\x00\x00\x00\x6f\x48\x7b\xc2\x15\x86\x02\
        \xec\x03\x00\x00\x00\x00\x3a\x4b\x66\xd3\x2b\xe8\x02\x10\x03\x00\x00\x00\x00\x5c\x24\xb4\xd8\x5c\x96\x02\
        \xaa\x02\x00\x00\x00\x00\xcd\x4f\xbd\x76\x8f\x2c\x01\x89\x02\x00\x00\x00\x00\x35\x5b\x5a\x78\x48\x92\x01\
        \x55\x02\x00\x00\x00\x00\x21\xf8\x06\x1b\x70\x79\x01\x22\x02\x00\x00\x00\x00\xed\xa4\xd2\x06\x6f\xc0\x02\
        \x22\x02\x00\x00\x00\x00\x03\x5b\xae\xbc\x67\x70\x01\x74\x02\x00\x00\x00\x00\x2e\xc0\xf7\x7a\x01\x15\x00\
        \x02\x02\x00\x00\x00\x00\x2d\x7a\xe0\x8d\x20\x8b\x02\x22\x02\x00\x00\x00\x00\xfd\x53\x07\xa6\x8a\xdd\x02\
        \xb0\x01\x00\x00\x00\x00\xa6\xc3\xea\x44\x72\xb9\x00\x77\x01\x00\x00\x00\x00\x1e\x10\xeb\xe2\x8e\x0e\x03\
        \xb9\x01\x00\x00\x00\x00\x8f\x0e\xe0\x42\x67\x22\x02\x50\x01\x00\x00\x00\x00\xb7\x08\x68\xaf\x60\x03\x01\
        \x88\x01\x00\x00\x00\x00\xd7\x8f\x9e\xc0\x66\xd0\x02\x50\x01\x00\x00\x00\x00\x95\xd8\xab\x6d\x2d\x38\x01\
        \x42\x01\x00\x00\x00\x00\x5f\x0a\x23\x94\x37\x64\x01\x9b\x01\x00\x00\x00\x00\x3f\x40\x6d\xa3\x6c\xd0\x01\
        \x0e\x01\x00\x00\x00\x00\x00\x87\x31\x3f\x65\x3b\x03\x58\x01\x00\x00\x00\x00\x8d\xdd\x38\x3a\x43\x17\x00\
        \x32\x01\x00\x00\x00\x00\x8b\xf1\xc9\x79\x03\x3f\x00\xe5\x00\x00\x00\x00\x00\x2e\x40\x44\xc7\x6d\xcb\x02\
        \xfd\x00\x00\x00\x00\x00\xa5\xee\x6d\x1c\x8b\xdb\x02\xdc\x00\x00\x00\x00\x00\x43\x97\x55\x79\x26\xcc\x00\
        \xc8\x00\x00\x00\x00\x00\x9c\x31\x8a\x50\x83\x37\x01\xc5\x00\x00\x00\x00\x00\xec\x6b\xaa\x0a\x74\x65\x01\
        \xbd\x00\x00\x00\x00\x00\x09\xa0\xe2\x96\x1d\xe2\x01\xd9\x00\x00\x00\x00\x00\x6e\x4f\x5c\x5e\x85\x0e\x02\
        \xa3\x00\x00\x00\x00\x00\x32\x96\x4e\xb7\x66\x25\x01\x9d\x00\x00\x00\x00\x00\x13\xdb\x67\xf9\x90\x77\x01\
        \x9c\x00\x00\x00\x00\x00\xa6\x5b\x52\x48\x68\xf0\x02\x9e\x00\x00\x00\x00\x00\xaa\xc2\x37\x00\x6d\x3d\x01\
        \x9d\x00\x00\x00\x00\x00\xf0\x7b\x58\x5c\x8a\x5f\x01\xb1\x00\x00\x00\x00\x00\x3b\x93\x4a\xfe\x23\x07\x03\
        \x9f\x00\x00\x00\x00\x00\xaf\xf2\xc8\x70\x0d\x81\x02\x8f\x00\x00\x00\x00\x00\xdb\x6d\x89\x7f\x7f\xb9\x02\
        \x90\x00\x00\x00\x00\x00\x94\x80\xc2\x8d\x19\x67\x00\x7d\x00\x00\x00\x00\x00\xcd\xca\x82\x3f\x5e\xe5\x02\
        \x74\x00\x00\x00\x00\x00\x94\x59\x84\xcf\x04\x1e\x03\x64\x00\x00\x00\x00\x00\x8a\xe5\x73\x4b\x7b\xd7\x02\
        \x68\x00\x00\x00\x00\x00\xda\xf1\x57\x19\x8d\x31\x00\x7a\x00\x00\x00\x00\x00\x47\x5a\x0f\x74\x47\x05\x03\
        \x6a\x00\x00\x00\x00\x00\x7c\xc4\x55\x99\x47\x23\x03\x7b\x00\x00\x00\x00\x00\x17\x8a\xe8\x4c\x53\xea\x02\
        \x50\x00\x00\x00\x00\x00\x5a\x7b\xb0\xa0\x79\x01\x03\x67\x00\x00\x00\x00\x00\xfe\x30\x96\xa9\x3c\x16\x03\
        \x4c\x00\x00\x00\x00\x00\x72\xd5\xcf\xfe\x8c\x15\x02\x57\x00\x00\x00\x00\x00\x4b\xb8\x6f\xaa\x69\x5b\x02"),
    // Variable 2, tau^2: 82 terms.
    (2, 2, b"\
        \xd0\xe5\x53\x00\x00\x00\xee\xdd\x89\x38\x46\x4e\x01\xdc\x2f\x09\x00\x00\x00\x2c\xf5\xa5\xf5\x48\x6b\x01\
        \x9e\xa9\x07\x00\x00\x00\x6f\xbc\xff\xc6\x2f\x37\x02\xe6\xec\x06\x00\x00\x00\x84\x54\xd3\x54\x16\x31\x01\
        \x63\xc1\x01\x00\x00\x00\x00\x00\x00\x00\x00\x00\x00\x2f\x0d\x01\x00\x00\x00\xc0\x99\x6e\x1a\x55\x48\x02\
        \xec\x05\x01\x00\x00\x00\x58\x5d\x84\x01\x34\xb1\x02\x3b\xa6\x00\x00\x00\x00\xb1\x9e\xfc\x23\x0c\x28\x02\
        \xe4\x99\x00\x00\x00\x00\x81\xb1\xe3\x56\x6c\x26\x00\x8e\x5b\x00\x00\x00\x00\xa9\x5f\x4f\x85\x16\x2a\x01\
        \xe7\x43\x00\x00\x00\x00\xf2\xf2\x22\x93\x46\x72\x01\xfb\x19\x00\x00\x00\x00\x92\xdb\xe9\x99\x60\xb8\x02\
        \x65\x1b\x00\x00\x00\x00\xef\x18\x03\x22\x3c\xf4\x02\x0d\x15\x00\x00\x00\x00\x1f\xa3\x4c\xa8\x7e\x87\x00\
        \xe2\x11\x00\x00\x00\x00\x47\x34\xc5\xad\x90\x24\x02\x82\x10\x00\x00\x00\x00\x7d\xe5\x9f\x93\x3c\x60\x01\
        \x45\x0e\x00\x00\x00\x00\x61\x43\xbb\xdb\x7f\xfc\x00\x70\x10\x00\x00\x00\x00\x28\x9b\x95\x9a\x69\x37\x00\
        \x24\x0e\x00\x00\x00\x00\xff\x21\xd7\x75\x32\x62\x02\xfb\x10\x00\x00\x00\x00\x14\x35\xd5\x30\x65\xd7\x00\
        \x79\x0d\x00\x00\x00\x00\x2a\x6e\x2d\x98\x21\x3c\x01\xb2\x0c\x00\x00\x00\x00\x29\x00\x0a\x5e\x74\xa1\x01\
        \xdd\x0d\x00\x00\x00\x00\xcb\x69\x17\x94\x7f\x7d\x00\xd7\x0b\x00\x00\x00\x00\x8b\x08\xfe\x47\x0f\xaa\x02\
        \xb4\x0c\x00\x00\x00\x00\x5b\xba\xcd\x58\x7d\x07\x02\xa0\x09\x00\x00\x00\x00\x48\xaf\x63\xd7\x06\x0c\x02\
        \x1e\x0a\x00\x00\x00\x00\x75\x3b\x04\xea\x3c\x3b\x01\x6e\x09\x00\x00\x00\x00\xba\x0c\xfb\xc0\x8d\xf5\x00\
        \x9e\x08\x00\x00\x00\x00\x3e\x02\x23\x17\x3d\x65\x02\xc7\x07\x00\x00\x00\x00\x9a\xcf\x78\x76\x24\x61\x01\
        \x4c\x07\x00\x00\x00\x00\x72\xa3\x5f\x65\x2f\xd4\x00\xb1\x08\x00\x00\x00\x00\x6a\x0e\x35\x57\x8e\xc6\x01\
        \xe8\x05\x00\x00\x00\x00\x59\xb6\x94\x97\x6e\x00\x02\xb2\x05\x00\x00\x00\x00\x7b\x05\x76\x5a\x52\x4b\x02\
        \xc1\x05\x00\x00\x00\x00\x1f\xb4\xc5\x32\x54\xae\x00\xbb\x05\x00\x00\x00\x00\x11\xc5\x89\xba\x80\x8c\x00\
        \x5d\x05\x00\x00\x00\x00\x1e\x59\xf9\x95\x08\x5e\x02\xd5\x04\x00\x00\x00\x00\x43\xfa\x4d\xd5\x3d\x74\x00\
        \x64\x04\x00\x00\x00\x00\x5f\xa8\xb3\xef\x5a\x01\x01\x44\x05\x00\x00\x00\x00\xa4\x1c\x39\x0f\x81\x96\x01\
        \xc4\x03\x00\x00\x00\x00\x46\xc2\x46\xfd\x7f\xed\x01\xb3\x03\x00\x00\x00\x00\xc9\x30\xf4\xac\x36\xab\x01\
        \x1e\x03\x00\x00\x00\x00\x80\xcd\xf7\xac\x4e\xb7\x00\xc3\x02\x00\x00\x00\x00\xeb\x91\xe1\xbc\x24\xc3\x02\
        \x4f\x02\x00\x00\x00\x00\xb3\x81\xed\xed\x06\xb3\x00\x3c\x02\x00\x00\x00\x00\xdd\xa8\x95\xf6\x1d\x23\x01\
        \x00\x02\x00\x00\x00\x00\xc5\x51\xd5\xba\x3b\x73\x02\x99\x02\x00\x00\x00\x00\xf0\x24\xf2\x76\x8e\xc0\x01\
        \xbf\x01\x00\x00\x00\x00\x39\xd7\xf2\x4d\x6b\xf7\x02\x4a\x02\x00\x00\x00\x00\x30\xbc\xb6\x35\x67\xd9\x00\
        \x9e\x01\x00\x00\x00\x00\x27\xfd\x63\x2f\x1d\x70\x02\x0c\x02\x00\x00\x00\x00\xef\x10\x6f\xf3\x44\x1c\x03\
        \xbc\x01\x00\x00\x00\x00\x42\xb8\xeb\x7c\x4a\x41\x02\x94\x01\x00\x00\x00\x00\xc0\xb3\x6d\xbe\x29\x9c\x02\
        \x77\x01\x00\x00\x00\x00\x8a\x05\xcf\x87\x12\xe7\x01\x61\x01\x00\x00\x00\x00\x91\x3a\x90\xe4\x4d\xaa\x00\
        \xc4\x01\x00\x00\x00\x00\x3e\x8d\xcb\x81\x76\xea\x01\x4e\x01\x00\x00\x00\x00\xb2\x17\x27\xdb\x46\x79\x01\
        \x6e\x01\x00\x00\x00\x00\x4e\x12\xf8\x52\x27\x2c\x01\x8a\x01\x00\x00\x00\x00\x38\xa2\xf2\xaf\x24\xee\x00\
        \x2d\x01\x00\x00\x00\x00\xec\x03\xb8\x78\x4e\xd0\x00\x23\x01\x00\x00\x00\x00\x38\xac\x14\x20\x3d\x70\x01\
        \x45\x01\x00\x00\x00\x00\x94\x98\xaf\xa4\x03\xa7\x02\xf5\x00\x00\x00\x00\x00\x28\x9d\xef\xbc\x4b\x77\x02\
        \xd9\x00\x00\x00\x00\x00\xe2\x9f\x65\x86\x48\xc5\x02\xb8\x00\x00\x00\x00\x00\x91\x84\x00\x50\x19\x9a\x02\
        \x94\x00\x00\x00\x00\x00\x55\x21\x30\x89\x3e\x03\x01\x97\x00\x00\x00\x00\x00\xa3\xe6\x60\xcf\x52\xb9\x00\
        \x9f\x00\x00\x00\x00\x00\xd0\x2f\xaa\xef\x6a\x15\x00\x88\x00\x00\x00\x00\x00\x88\x99\xda\xe3\x70\x89\x02\
        \xa3\x00\x00\x00\x00\x00\x8c\xc8\x5f\x36\x36\x86\x02\x8f\x00\x00\x00\x00\x00\xe8\x56\x40\x03\x4b\x2d\x02\
        \x8e\x00\x00\x00\x00\x00\xae\xca\xd8\x5c\x85\x96\x02\x9e\x00\x00\x00\x00\x00\xdc\x04\x71\x51\x6e\x3f\x00\
        \x80\x00\x00\x00\x00\x00\xed\xf8\x8f\xde\x3e\xcc\x01\x8b\x00\x00\x00\x00\x00\x3f\x7b\x7b\x47\x1b\x2e\x02\
        \x91\x00\x00\x00\x00\x00\x26\xd2\x56\x22\x14\xf1\x02\x71\x00\x00\x00\x00\x00\x9c\x60\x98\xc3\x15\xc0\x02\
        \x5c\x00\x00\x00\x00\x00\xa3\x1c\xa5\xac\x8d\x22\x02\x4d\x00\x00\x00\x00\x00\xda\x3e\x6c\x18\x29\xce\x02\
        \x4c\x00\x00\x00\x00\x00\xa0\x53\x01\x2f\x2a\xff\x02\x4d\x00\x00\x00\x00\x00\x34\x9b\x2a\x52\x5a\xb9\x02"),
    // Variable 2, tau^3: 33 terms.
    (2, 3, b"\
        \xf4\xd3\x02\x00\x00\x00\x92\x01\x1f\x97\x6f\x4e\x01\xa4\x4e\x01\x00\x00\x00\xae\x02\x06\x9a\x20\x6b\x01\
        \x27\xdc\x00\x00\x00\x00\x75\xf9\x29\x8f\x41\x31\x01\xeb\x4b\x00\x00\x00\x00\x2c\x0f\x12\xb1\x91\x37\x02\
        \x6a\x2a\x00\x00\x00\x00\xb9\x5d\x3d\x93\x2f\x48\x02\x8d\x38\x00\x00\x00\x00\x00\x00\x00\x00\x00\x00\x00\
        \x9f\x15\x00\x00\x00\x00\x7b\x1b\xee\x32\x40\x2a\x01\x4b\x13\x00\x00\x00\x00\xac\xa8\x61\x34\x1e\x72\x01\
        \x6a\x13\x00\x00\x00\x00\x25\xc1\x57\x9b\x3b\x28\x02\x10\x10\x00\x00\x00\x00\xac\x92\x18\x38\x14\xb1\x02\
        \xd6\x0e\x00\x00\x00\x00\x15\x9d\xd4\xbb\x42\x26\x00\x53\x04\x00\x00\x00\x00\x60\x40\xd3\xf0\x3d\xb8\x02\
        \x45\x04\x00\x00\x00\x00\x9b\xb1\xfb\x7c\x2a\x24\x02\x07\x04\x00\x00\x00\x00\x0a\xd6\x2a\xdc\x41\x37\x00\
        \xb1\x01\x00\x00\x00\x00\x83\xdd\xf3\xc6\x5e\xf5\x00\xb9\x01\x00\x00\x00\x00\x1e\xb3\x0f\x54\x20\xf4\x02\
        \xab\x01\x00\x00\x00\x00\x4d\xa2\xe9\xd7\x2b\x4b\x02\x81\x01\x00\x00\x00\x00\x3c\x52\x28\xe0\x4f\x87\x00\
        \x0e\x01\x00\x00\x00\x00\x81\x06\x17\x94\x06\x00\x02\x1a\x01\x00\x00\x00\x00\xd9\x1d\xe4\xbd\x3b\xd7\x00\
        \x19\x01\x00\x00\x00\x00\xa0\x50\x7a\x8c\x29\xc6\x01\xfa\x00\x00\x00\x00\x00\x3c\x58\xb1\x23\x46\x23\x01\
        \xda\x00\x00\x00\x00\x00\x91\x65\xcc\x71\x3f\xaa\x02\xd2\x00\x00\x00\x00\x00\x49\xd4\x07\xb0\x01\xa1\x01\
        \xe1\x00\x00\x00\x00\x00\xc8\x24\xb3\x71\x5c\x8c\x00\xcb\x00\x00\x00\x00\x00\xec\x77\x64\xd4\x01\xab\x01\
        \xaa\x00\x00\x00\x00\x00\x15\xeb\xd3\xdd\x14\x65\x02\xa5\x00\x00\x00\x00\x00\xc5\xb2\xd4\x53\x24\x96\x01\
        \x9c\x00\x00\x00\x00\x00\xf4\xeb\xd0\x06\x82\x7d\x00\x89\x00\x00\x00\x00\x00\xc3\x65\x91\x45\x63\x74\x00\
        \x64\x00\x00\x00\x00\x00\xb7\x21\x73\x1e\x28\x07\x02\x5e\x00\x00\x00\x00\x00\x17\xd6\x8e\xd1\x34\x5e\x02\
        \x52\x00\x00\x00\x00\x00\x89\x86\xa2\x15\x75\x0c\x02"),
    // Variable 2, tau^4: 13 terms.
    (2, 4, b"\
        \x03\x23\x00\x00\x00\x00\x7c\x01\x70\x46\x8a\x6b\x01\xa0\x14\x00\x00\x00\x00\x30\x7f\xa7\xf0\x6f\x31\x01\
        \x89\x04\x00\x00\x00\x00\x06\x3a\x73\xc7\x0a\x48\x02\x50\x04\x00\x00\x00\x00\x8f\x75\x3c\x87\x69\x2a\x01\
        \x3f\x04\x00\x00\x00\x00\x13\x7c\x57\x75\x87\x72\x01\x32\x03\x00\x00\x00\x00\x16\xc7\x90\xc2\x22\x4e\x01\
        \x53\x02\x00\x00\x00\x00\x64\x47\x7a\xd7\x6a\x37\x02\x01\x02\x00\x00\x00\x00\x4f\x80\x19\x74\x6a\x28\x02\
        \xb3\x00\x00\x00\x00\x00\x98\xad\x4c\xa7\x11\x26\x00\x8f\x00\x00\x00\x00\x00\x80\xac\xe7\xa4\x86\xb1\x02\
        \x87\x00\x00\x00\x00\x00\x5f\x2d\xb3\xa4\x24\x37\x00\x60\x00\x00\x00\x00\x00\x03\xa7\x5e\x5e\x18\xb8\x02\
        \x4d\x00\x00\x00\x00\x00\x22\x21\xfe\x88\x53\x24\x02"),
    // Variable 2, tau^5: 3 terms.
    (2, 5, b"\
        \x96\x02\x00\x00\x00\x00\x5e\xf4\x8e\x8e\x5f\x6b\x01\xaf\x01\x00\x00\x00\x00\x29\xba\x37\x3c\x13\x31\x01\
        \xd0\x00\x00\x00\x00\x00\xa9\xce\xbb\x47\x01\x2a\x01"),
    // Variable 3, tau^0: 727 terms.
    (3, 0, b"\
        \xce\x68\x4f\x47\x79\x00\x00\x00\x00\x00\x00\x00\x00\x0f\xce\x97\xde\x05\x00\x7f\x18\x7f\x48\x51\x4e\x01\
        \x28\x04\x65\x24\x00\x00\x3c\x58\x0f\x6f\x59\x37\x02\x92\x6d\xcf\x10\x00\x00\x4d\xab\x6b\xef\x3b\xa1\x01\
        \x72\x45\x2f\x0b\x00\x00\x6e\xde\x59\x55\x30\x31\x01\xc9\x5a\x2c\x05\x00\x00\xc9\x80\xff\x87\x10\xf5\x00\
        \xfe\x97\x4b\x04\x00\x00\xbf\xf6\x74\xff\x04\x6b\x01\xc0\xb6\xe7\x03\x00\x00\xf6\x10\x55\x3b\x8b\xd4\x00\
        \xce\x8e\xbc\x01\x00\x00\xc7\xfc\x3c\x0f\x27\x7d\x00\x27\xd4\xcb\x01\x00\x00\x96\xa7\x78\x52\x32\x07\x02\
        \x57\xde\x65\x01\x00\x00\x88\x3f\x72\x6d\x52\xc6\x01\xdf\x05\x54\x01\x00\x00\x5f\x5e\xf5\xa3\x61\xb1\x02\
        \x22\x68\x6d\x01\x00\x00\xe8\x66\xa0\x64\x06\x26\x00\xa6\xdc\xc6\x00\x00\x00\x73\x29\x89\xed\x44\x62\x02\
        \xc0\x0f\x94\x00\x00\x00\x31\xb8\xcb\x64\x2c\xae\x00\xdf\x88\xc2\x00\x00\x00\x00\x8b\xa8\x39\x3f\x28\x02\
        \xb1\xca\x8b\x00\x00\x00\x1d\x9d\xaf\xc2\x66\xb3\x00\xef\x75\x78\x00\x00\x00\x22\xa9\x71\xb8\x39\xfc\x00\
        \x0b\xb2\x6b\x00\x00\x00\xf6\x72\xd4\xcc\x32\x73\x02\x67\xa7\x5d\x00\x00\x00\x21\xca\x6f\xd9\x91\xea\x01\
        \x89\x92\x53\x00\x00\x00\xe1\x94\x22\xb8\x83\xab\x01\x9d\x71\x35\x00\x00\x00\xfe\x71\x97\x29\x0d\x48\x02\
        \x76\x1f\x3f\x00\x00\x00\xd0\xde\xa0\x61\x3f\x96\x01\xe2\xa0\x3f\x00\x00\x00\xab\x32\x86\xf0\x2e\x2a\x01\
        \x7f\x25\x26\x00\x00\x00\x55\xdd\xf0\xfa\x69\xe7\x01\x90\xee\x27\x00\x00\x00\xcc\x3e\x2d\xcc\x2e\xaa\x02\
        \xc9\x2c\x1d\x00\x00\x00\x93\xbe\x6a\xef\x13\xee\x00\x41\x77\x20\x00\x00\x00\x0a\xaa\x0e\xab\x8e\xcc\x01\
        \x47\x93\x18\x00\x00\x00\xb2\x57\x2c\xea\x47\x86\x02\x59\x93\x16\x00\x00\x00\x4c\x98\x50\x67\x3e\x9a\x02\
        \x26\xc7\x12\x00\x00\x00\xed\x52\x61\x04\x2c\xd7\x00\x7f\x91\x12\x00\x00\x00\x75\x97\x57\xf3\x29\x87\x00\
        \x59\xaa\x0e\x00\x00\x00\x27\x1f\xc8\xe8\x69\xf4\x02\x04\x84\x0d\x00\x00\x00\xf7\x93\x0b\x93\x60\x61\x01\
        \x87\xd9\x0b\x00\x00\x00\x2b\xf9\x45\x9d\x55\xc0\x01\xbf\x3c\x0f\x00\x00\x00\xe8\x95\xc6\xde\x42\xd0\x00\
        \xcd\x7b\x0f\x00\x00\x00\xbf\x1e\xb9\x49\x20\x0c\x01\x74\x18\x0b\x00\x00\x00\x53\xeb\xf4\xdb\x5c\x5e\x02\
        \xe6\xff\x09\x00\x00\x00\xae\xe3\x05\xfa\x40\xc0\x02\x87\x88\x0c\x00\x00\x00\x1a\x9b\x17\x1a\x25\xdb\x02\
        \x12\x79\x09\x00\x00\x00\xef\x75\xd7\x49\x70\x0c\x02\xf7\xfa\x09\x00\x00\x00\x64\x54\xc2\xba\x4e\xc3\x02\
        \xd9\x63\x0c\x00\x00\x00\x31\x07\xba\x52\x8a\xf7\x01\xac\x93\x08\x00\x00\x00\x5f\x35\xaf\xe3\x01\x72\x01\
        \x0e\x46\x08\x00\x00\x00\x6f\x12\x39\x9a\x06\x3b\x01\x71\xfc\x06\x00\x00\x00\x02\x6a\x33\xf6\x02\x89\x02\
        \x54\x61\x09\x00\x00\x00\x84\x53\x06\x00\x35\x00\x02\x68\xa6\x06\x00\x00\x00\x25\x2d\xda\x99\x3c\x74\x00\
        \x89\x91\x07\x00\x00\x00\xcd\x37\x93\xc2\x80\xe4\x00\xd6\x2b\x07\x00\x00\x00\x3b\xc9\x94\xa1\x41\xce\x02\
        \x81\xca\x06\x00\x00\x00\x24\x83\x20\x69\x03\x37\x00\x65\x70\x04\x00\x00\x00\xad\xf1\x70\xa8\x5a\x96\x02\
        \x65\x38\x04\x00\x00\x00\x29\x6c\xa1\xb7\x3a\xe5\x02\x42\x32\x04\x00\x00\x00\x09\x47\x7b\x93\x45\x3c\x01\
        \x72\x7b\x04\x00\x00\x00\xed\x08\xb8\xb7\x2f\xaa\x00\xc2\x70\x04\x00\x00\x00\xc2\xe0\x3c\x6d\x8c\x65\x02\
        \xe2\x28\x05\x00\x00\x00\xc5\x2a\x92\x2a\x41\x24\x02\xc0\xed\x03\x00\x00\x00\x9b\xba\xe2\xd1\x8e\x60\x01\
        \x3c\xde\x04\x00\x00\x00\x59\x54\xd0\x63\x1f\xfd\x02\x39\xb8\x04\x00\x00\x00\x9c\x2e\x1f\xfe\x7c\x77\x02\
        \xcb\x46\x05\x00\x00\x00\x84\x4d\x76\x6a\x24\x19\x01\x04\xa1\x04\x00\x00\x00\xb5\x00\xd2\xde\x1a\x88\x03\
        \x34\xef\x02\x00\x00\x00\x34\xc3\x63\x6b\x15\xb8\x02\x8b\x49\x03\x00\x00\x00\x1c\xb3\x2c\x5f\x3d\xf1\x02\
        \x8f\x0f\x03\x00\x00\x00\x67\x66\x1a\x42\x37\x70\x02\xbf\xa5\x03\x00\x00\x00\x42\xd5\x83\x36\x53\xe4\x01\
        \xd0\x01\x03\x00\x00\x00\x0b\xb3\x55\x09\x8a\x0b\x01\x8e\x20\x02\x00\x00\x00\x55\x36\xcb\xbe\x54\xcb\x02\
        \x77\xeb\x02\x00\x00\x00\xba\x88\x88\x00\x00\x14\x02\x3a\xb1\x02\x00\x00\x00\xb1\x32\xb5\xfc\x3b\xa1\x03\
        \x83\xe2\x01\x00\x00\x00\xd7\xda\xb5\xa4\x34\x05\x03\xbf\xf4\x01\x00\x00\x00\x7b\x0d\x77\xa4\x6c\xe2\x01\
        \x9a\xb7\x01\x00\x00\x00\xb0\x73\x60\xee\x13\x01\x01\x36\xf7\x01\x00\x00\x00\x66\x07\x44\xba\x19\x14\x03\
        \xff\x83\x01\x00\x00\x00\xc9\x45\xe4\xdb\x68\x2b\x01\xf9\x6e\x01\x00\x00\x00\x0b\xa4\x7c\x70\x3f\xed\x01\
        \xb9\x9f\x01\x00\x00\x00\x31\x5d\x9a\x63\x87\xb7\x00\xe6\xd5\x01\x00\x00\x00\xbe\x49\x8e\xbb\x44\x17\x00\
        \x15\x3f\x01\x00\x00\x00\x5e\xb8\x23\x4c\x4b\x81\x02\x3a\x96\x01\x00\x00\x00\x45\x9b\xcc\xc0\x33\x67\x00\
        \x81\xb7\x01\x00\x00\x00\x2a\x6d\xcb\x34\x71\x42\x01\x0f\x37\x01\x00\x00\x00\xe3\x9f\xc5\x9c\x14\xff\x00\
        \x1d\x4f\x01\x00\x00\x00\x16\xb0\x93\x3c\x31\xa7\x02\x83\x4e\x01\x00\x00\x00\xc5\xa7\x1a\x71\x36\x0e\x03\
        \xfc\x0a\x01\x00\x00\x00\x1e\xb6\x6d\x2d\x4e\xf0\x02\x9f\x0f\x01\x00\x00\x00\x7f\x4e\x53\xcd\x46\xcc\x00\
        \xde\x10\x01\x00\x00\x00\x84\x68\x8c\x0f\x4b\xce\x00\x7a\x0f\x01\x00\x00\x00\x5b\x8b\x22\xc4\x04\x5d\x01\
        \xaa\xde\x00\x00\x00\x00\xfe\xe7\x85\xa1\x2e\x19\x03\xdb\x2c\x01\x00\x00\x00\xc9\x20\xf0\xd9\x30\x23\x01\
        \x60\xdd\x00\x00\x00\x00\xbe\xe6\x48\x2f\x5b\xff\x02\xfe\xe3\x00\x00\x00\x00\x9b\xa5\x69\x4c\x85\x99\x01\
        \xd1\xcc\x00\x00\x00\x00\x74\x6f\x61\xb7\x5d\x3f\x01\x8c\xf8\x00\x00\x00\x00\x0d\xcf\x07\x9d\x19\x83\x02\
        \x67\xd1\x00\x00\x00\x00\x32\x93\xb6\x59\x14\x2b\x03\xf7\xe8\x00\x00\x00\x00\x99\xa0\x9d\x51\x16\x1b\x01\
        \x92\xe2\x00\x00\x00\x00\x2f\xa7\x62\x79\x50\xe8\x02\x3a\xa2\x00\x00\x00\x00\x4a\xae\x2e\xf2\x51\x4f\x01\
        \xad\xae\x00\x00\x00\x00\x63\x27\xe9\xca\x25\x15\x02\x8f\xaf\x00\x00\x00\x00\x43\x9e\x94\x1c\x72\x1c\x03\
        \xa2\xcf\x00\x00\x00\x00\x7b\x78\xd3\xe1\x1b\xd4\x01\xf4\xad\x00\x00\x00\x00\x79\x1d\xb8\xff\x66\x42\x02\
        \x87\x92\x00\x00\x00\x00\x93\x90\x9c\x39\x44\xbf\x02\x3f\xa2\x00\x00\x00\x00\x3e\x10\xbe\x7d\x07\x4d\x01\
        \x86\xa7\x00\x00\x00\x00\x45\x12\xa5\xb8\x00\x8f\x02\xba\xb3\x00\x00\x00\x00\xbb\xf5\xfc\x3b\x3b\xa9\x01\
        \x73\x9d\x00\x00\x00\x00\xd2\x54\x32\x53\x66\x5b\x02\xa2\x97\x00\x00\x00\x00\x1f\x1f\x6c\x82\x64\x9a\x00\
        \xa5\x9d\x00\x00\x00\x00\xfa\xd0\x5c\xf1\x30\x22\x03\xd3\xbe\x00\x00\x00\x00\xd5\x4c\x5a\x74\x82\x28\x03\
        \xa6\x90\x00\x00\x00\x00\xb5\x67\x73\x41\x76\xdd\x02\x64\xab\x00\x00\x00\x00\x59\x40\xce\x04\x1d\x94\x01\
        \xdf\x84\x00\x00\x00\x00\x05\x31\x82\x0e\x48\x0b\x03\xdd\x8f\x00\x00\x00\x00\x53\x45\xed\x9c\x13\x56\x01\
        \x18\x7a\x00\x00\x00\x00\xa9\x35\xeb\xbf\x7c\x9c\x02\x6c\x99\x00\x00\x00\x00\x19\x1e\x66\xa4\x6d\x82\x01\
        \x6e\x9b\x00\x00\x00\x00\x88\x23\x73\x4a\x39\xdf\x00\x2a\x7b\x00\x00\x00\x00\x31\xe6\x27\x30\x90\x15\x00\
        \xce\x6e\x00\x00\x00\x00\x3f\xd5\xf5\xdc\x39\x2c\x01\x99\x7e\x00\x00\x00\x00\xaf\x2e\xe9\xa6\x3f\x8c\x01\
        \xd6\x69\x00\x00\x00\x00\xb3\x8c\xa4\x60\x5b\x07\x03\x56\x71\x00\x00\x00\x00\x49\x77\xd8\xba\x2a\xd7\x02\
        \x6b\x68\x00\x00\x00\x00\x51\xa6\x51\xb7\x28\x30\x03\x55\x67\x00\x00\x00\x00\x3a\xd2\xda\x11\x0e\x2d\x02\
        \xc3\x82\x00\x00\x00\x00\x2e\x63\x8f\xcd\x11\xad\x01\x83\x67\x00\x00\x00\x00\x86\x0a\x1c\x0a\x18\xeb\x00\
        \x22\x64\x00\x00\x00\x00\x16\xc4\xdf\xab\x50\x0f\x01\x82\x5f\x00\x00\x00\x00\xf2\xcd\xa8\x81\x14\xfb\x00\
        \xbd\x80\x00\x00\x00\x00\x60\x79\x6a\x2e\x4a\x46\x01\xbf\x57\x00\x00\x00\x00\x63\x30\x83\x1f\x0a\x4b\x02\
        \x77\x54\x00\x00\x00\x00\x94\xdd\x58\x1b\x21\x71\x01\x28\x64\x00\x00\x00\x00\x6a\x73\x6f\x36\x0c\x25\x01\
        \x18\x52\x00\x00\x00\x00\x42\xc8\x37\xc3\x47\x9a\x01\x8a\x58\x00\x00\x00\x00\x10\x68\xa2\x3c\x0f\x39\x03\
        \x74\x4b\x00\x00\x00\x00\x0d\x1c\x05\x61\x78\xa8\x01\x1b\x66\x00\x00\x00\x00\x63\xfc\x84\x0c\x1f\xd9\x00\
        \x7f\x47\x00\x00\x00\x00\xf2\xc3\x1b\xd0\x53\xce\x01\x31\x47\x00\x00\x00\x00\x6b\x49\x26\x08\x3e\xe3\x02\
        \x3f\x4d\x00\x00\x00\x00\x10\xdc\x62\x4d\x60\x94\x02\x0a\x4c\x00\x00\x00\x00\xdb\x03\x8a\x38\x2b\x35\x03\
        \x7a\x5d\x00\x00\x00\x00\xcb\xc1\xea\x5f\x74\x7b\x02\x69\x55\x00\x00\x00\x00\xd8\x66\x5d\xc3\x89\xd0\x02\
        \x0f\x44\x00\x00\x00\x00\x5b\x31\x75\xa8\x41\x21\x03\x1d\x41\x00\x00\x00\x00\x5b\x0d\xa8\x15\x84\xec\x00\
        \x9c\x59\x00\x00\x00\x00\x04\x0e\x5f\xa5\x7a\xb3\x01\xad\x47\x00\x00\x00\x00\x72\xdf\x2b\x35\x2c\x1e\x02\
        \x79\x4a\x00\x00\x00\x00\xba\x93\x4d\x56\x55\xf0\x00\x75\x3d\x00\x00\x00\x00\x28\x26\x15\xf1\x4d\x2e\x02\
        \xe9\x3f\x00\x00\x00\x00\x29\x4a\x27\x3a\x04\xc5\x02\x1e\x49\x00\x00\x00\x00\x59\x83\x17\x0f\x2e\x50\x00\
        \x51\x49\x00\x00\x00\x00\xd9\xbf\x16\xf4\x55\x70\x00\xaa\x3c\x00\x00\x00\x00\x1f\x8c\xfa\x06\x59\xbe\x01\
        \x29\x3c\x00\x00\x00\x00\x49\xf8\x28\xc1\x18\x8a\x00\xa9\x41\x00\x00\x00\x00\x7e\x26\x86\x78\x2c\xb6\x00\
        \x95\x3b\x00\x00\x00\x00\xe7\xfd\x79\xb7\x1e\x8c\x00\x0b\x3b\x00\x00\x00\x00\x40\x7c\xc7\x49\x57\x1a\x03\
        \xc6\x4c\x00\x00\x00\x00\x0a\x9a\x60\xa7\x3f\x51\x00\x4d\x39\x00\x00\x00\x00\xd5\x7d\x0a\xf2\x26\x49\x01\
        \x24\x37\x00\x00\x00\x00\x44\x60\x5d\xae\x52\x97\x00\xc9\x32\x00\x00\x00\x00\x65\x98\x9e\x92\x22\x3f\x03\
        \x4c\x3a\x00\x00\x00\x00\x40\x25\x90\xde\x1e\x18\x01\xa1\x39\x00\x00\x00\x00\xf3\xb6\x2e\x28\x6c\x92\x03\
        \x4a\x39\x00\x00\x00\x00\xb9\x97\x4f\xbb\x12\x7b\x03\x75\x2f\x00\x00\x00\x00\x40\x8d\x50\x64\x55\xd0\x01\
        \xb2\x2e\x00\x00\x00\x00\x2d\x2e\x2c\x2e\x45\x22\x01\x69\x39\x00\x00\x00\x00\xfc\x88\xd7\x79\x32\x53\x01\
        \xf0\x2f\x00\x00\x00\x00\x17\x21\x8f\xd1\x04\x41\x02\xe3\x2c\x00\x00\x00\x00\xb5\x84\xcc\x04\x1a\x7e\x01\
        \xcf\x2d\x00\x00\x00\x00\x06\xdb\xc4\xa1\x26\xfb\x02\x49\x2b\x00\x00\x00\x00\xe1\x51\x49\xfc\x4a\x65\x01\
        \x2e\x2d\x00\x00\x00\x00\x6e\xc8\x6d\xc7\x79\x36\x01\xb3\x2b\x00\x00\x00\x00\xda\x98\xca\x5e\x59\x68\x00\
        \x9e\x31\x00\x00\x00\x00\x28\x51\x81\x64\x5c\x16\x03\xa6\x2a\x00\x00\x00\x00\x74\xb4\x41\xc1\x1d\xf7\x02\
        \xea\x2b\x00\x00\x00\x00\x35\x7e\x16\x40\x4b\xfa\x00\x60\x31\x00\x00\x00\x00\xbd\xd1\xdf\x27\x11\xf6\x01\
        \x2e\x2c\x00\x00\x00\x00\x44\x66\x01\x6d\x81\x5a\x01\x70\x25\x00\x00\x00\x00\x59\x05\x1d\xa7\x74\x88\x01\
        \x46\x28\x00\x00\x00\x00\x32\x71\x99\x60\x59\xca\x02\x0a\x2a\x00\x00\x00\x00\x5d\xbf\x92\x68\x72\x38\x01\
        \xec\x2d\x00\x00\x00\x00\x1a\xca\x30\x08\x77\xb7\x01\xb6\x2e\x00\x00\x00\x00\xe1\x2c\x35\x40\x28\xf8\x01\
        \x27\x25\x00\x00\x00\x00\x88\x8d\x87\xb2\x44\x8b\x02\xc6\x22\x00\x00\x00\x00\x8b\xce\x6f\xf6\x37\x04\x03\
        \xff\x23\x00\x00\x00\x00\x5f\x08\x3e\x09\x3c\x34\x03\xc0\x26\x00\x00\x00\x00\x18\x93\xb5\x33\x0a\x48\x03\
        \x0a\x22\x00\x00\x00\x00\x89\x55\xfd\x73\x55\xcb\x01\xd8\x21\x00\x00\x00\x00\x9f\x63\x03\xf5\x3e\x3d\x01\
        \xdb\x24\x00\x00\x00\x00\x19\x1f\x60\xb4\x25\x45\x03\x18\x2d\x00\x00\x00\x00\x33\x37\x02\x07\x25\x97\x02\
        \x3c\x25\x00\x00\x00\x00\xe9\xcb\x68\x45\x08\x9f\x02\x09\x27\x00\x00\x00\x00\x9d\x0f\xa1\xca\x6f\x7b\x01\
        \x21\x1f\x00\x00\x00\x00\x5e\xba\x7b\xf9\x01\x48\x01\xf9\x1e\x00\x00\x00\x00\xa8\xcf\x93\x32\x22\x0e\x02\
        \xad\x22\x00\x00\x00\x00\x79\x83\x5c\x59\x1c\xf1\x00\x22\x22\x00\x00\x00\x00\x10\x18\xf8\x38\x7b\x02\x02\
        \xa3\x21\x00\x00\x00\x00\x26\xfc\x30\x5d\x1a\x5f\x01\xac\x1e\x00\x00\x00\x00\x43\x15\xa8\xf6\x91\xae\x01\
        \x9d\x1d\x00\x00\x00\x00\xa1\xf1\xa0\xa9\x43\x63\x01\x89\x21\x00\x00\x00\x00\xb4\x98\x0a\x3f\x8d\xa7\x03\
        \xa6\x27\x00\x00\x00\x00\x96\xcf\x36\xfd\x39\xd2\x02\x56\x21\x00\x00\x00\x00\xbd\x1a\x30\xd9\x33\x9a\x03\
        \x20\x1f\x00\x00\x00\x00\x4c\xc5\xa6\x6f\x57\x54\x01\x0e\x26\x00\x00\x00\x00\x48\xad\x18\x60\x8f\x86\x01\
        \xe1\x1b\x00\x00\x00\x00\x03\xd9\x65\x96\x53\x31\x03\x08\x1c\x00\x00\x00\x00\xda\x98\x8b\xe9\x02\xb8\x00\
        \x17\x22\x00\x00\x00\x00\xf2\x54\xc5\x9c\x11\x0d\x02\xa1\x1b\x00\x00\x00\x00\x67\xf6\x1f\x9f\x32\xbf\x01\
        \x19\x1c\x00\x00\x00\x00\xc6\x0d\x2d\x91\x35\x2d\x01\x9b\x19\x00\x00\x00\x00\xcb\x5a\x36\xa5\x6e\xab\x00\
        \x11\x19\x00\x00\x00\x00\x55\x1d\x31\x1d\x1d\x4c\x03\x4e\x20\x00\x00\x00\x00\x24\x8c\xfd\x0f\x1d\x1c\x01\
        \xd3\x1b\x00\x00\x00\x00\x5f\xf7\xad\x96\x59\x92\x01\xd1\x1f\x00\x00\x00\x00\xbe\x35\x5b\x07\x11\xbb\x00\
        \x07\x18\x00\x00\x00\x00\xcf\x29\x59\x16\x80\x32\x00\x24\x1f\x00\x00\x00\x00\xa7\x2c\x44\x78\x30\x0b\x02\
        \xe4\x1d\x00\x00\x00\x00\x79\xaf\x39\x98\x15\x39\x01\x08\x1d\x00\x00\x00\x00\x93\x35\xb6\x51\x07\xe3\x00\
        \x4e\x18\x00\x00\x00\x00\x9d\x3e\x6d\x0b\x22\x15\x01\xf1\x1b\x00\x00\x00\x00\xce\x81\xe9\x5e\x04\xc1\x01\
        \x32\x1a\x00\x00\x00\x00\x04\xc6\x35\x01\x44\x22\x02\x8d\x1c\x00\x00\x00\x00\x29\xed\x29\x01\x92\x3f\x00\
        \xf1\x17\x00\x00\x00\x00\xdb\x76\x46\x79\x3e\xd1\x00\x75\x1d\x00\x00\x00\x00\x0b\x74\x61\x19\x11\x0e\x01\
        \xb6\x15\x00\x00\x00\x00\xe0\x16\x90\x45\x59\x64\x01\xdf\x14\x00\x00\x00\x00\xca\xba\xed\x51\x7a\x25\x02\
        \xdd\x14\x00\x00\x00\x00\xc0\x37\x4c\xe3\x90\x79\x01\xed\x15\x00\x00\x00\x00\x80\xbd\xda\x34\x23\x37\x01\
        \x66\x15\x00\x00\x00\x00\x5e\x33\xa7\xbd\x8a\x70\x01\x60\x14\x00\x00\x00\x00\x07\x4e\xc9\x4f\x33\xc5\x00\
        \xc0\x13\x00\x00\x00\x00\xb9\x2f\x7f\xb4\x08\x4c\x01\x3a\x18\x00\x00\x00\x00\x10\xe3\x19\xf1\x80\x11\x00\
        \x75\x18\x00\x00\x00\x00\x17\xfe\x0b\x8a\x11\xff\x01\x2b\x15\x00\x00\x00\x00\x13\x52\x93\xff\x8a\xb9\x00\
        \x4e\x16\x00\x00\x00\x00\xf5\x45\xf4\x8f\x31\xa8\x00\x62\x14\x00\x00\x00\x00\x26\xd6\x8f\x46\x6d\x7c\x01\
        \xe8\x12\x00\x00\x00\x00\xc5\x15\x24\x4c\x23\x12\x03\x6a\x16\x00\x00\x00\x00\xc1\x39\x71\xf9\x07\x68\x01\
        \xc0\x13\x00\x00\x00\x00\xe8\xe2\x3d\xb7\x50\x50\x01\x21\x15\x00\x00\x00\x00\xf2\x37\x1c\x6a\x79\x31\x02\
        \x7e\x12\x00\x00\x00\x00\xb2\xfc\xf2\x05\x35\x44\x03\x64\x14\x00\x00\x00\x00\x1d\x7c\x03\x1e\x54\xee\x02\
        \xfd\x12\x00\x00\x00\x00\x30\x83\x79\x54\x20\x51\x03\x6a\x16\x00\x00\x00\x00\x5c\x9a\xfc\xb4\x6f\x89\x01\
        \x3a\x16\x00\x00\x00\x00\x7b\x27\x58\xb0\x5b\x2c\x03\x7c\x13\x00\x00\x00\x00\xdc\xd2\x0f\x71\x71\x0d\x00\
        \x30\x15\x00\x00\x00\x00\x10\x43\x73\x40\x52\x0d\x01\xc1\x10\x00\x00\x00\x00\xc7\x05\x56\xc7\x70\x62\x00\
        \x38\x17\x00\x00\x00\x00\xd8\x03\xeb\x48\x58\xb1\x03\x5d\x10\x00\x00\x00\x00\x11\x73\x6c\x76\x30\x18\x03\
        \xc5\x11\x00\x00\x00\x00\x3b\x01\x76\x55\x83\x0f\x03\xac\x10\x00\x00\x00\x00\xdf\xee\xcf\x69\x90\xd9\x01\
        \x1d\x15\x00\x00\x00\x00\x0d\xf4\x22\x9d\x6c\xe3\x01\xe7\x15\x00\x00\x00\x00\x9c\x65\xa2\xe5\x4c\x66\x01\
        \x4b\x10\x00\x00\x00\x00\x66\x50\x03\x4f\x49\x01\x02\x20\x10\x00\x00\x00\x00\xef\x30\x14\x29\x88\x03\x01\
        \x23\x11\x00\x00\x00\x00\xb5\xe1\xfb\x5a\x6d\xd8\x00\x74\x11\x00\x00\x00\x00\x84\x4e\x71\xf8\x04\x71\x00\
        \xd4\x0f\x00\x00\x00\x00\x62\x3f\x03\x27\x4d\x40\x03\x17\x11\x00\x00\x00\x00\xa6\xec\xca\xc3\x04\x56\x03\
        \xcd\x10\x00\x00\x00\x00\xb0\x5c\x3c\x3f\x17\xe8\x00\x5f\x12\x00\x00\x00\x00\xd4\x34\x73\xbc\x2d\x84\x00\
        \x75\x10\x00\x00\x00\x00\x6a\x18\x9d\xd3\x4a\xb9\x01\xae\x0f\x00\x00\x00\x00\x1d\x4f\x8f\xb1\x6b\x23\x03\
        \xf0\x0e\x00\x00\x00\x00\xe8\xaf\xf7\xe2\x53\x02\x01\x57\x10\x00\x00\x00\x00\x1e\x19\x22\x7a\x6e\x18\x02\
        \x67\x0e\x00\x00\x00\x00\x3c\x3c\x67\xac\x24\xe5\x00\xe0\x0e\x00\x00\x00\x00\xde\x30\xaa\x8d\x5c\xc2\x01\
        \x26\x10\x00\x00\x00\x00\x10\x77\x27\x6c\x3c\xfb\x01\x29\x13\x00\x00\x00\x00\xd3\xf9\xd6\x62\x3e\x6a\x02\
        \xf4\x10\x00\x00\x00\x00\x3c\xe4\x15\x42\x23\xd8\x02\xa2\x0d\x00\x00\x00\x00\x30\xd9\xe8\xb0\x0e\x51\x01\
        \x53\x10\x00\x00\x00\x00\xac\xc2\x95\x8a\x6f\xe0\x01\x1e\x10\x00\x00\x00\x00\x0f\xc0\x82\xb7\x54\xdd\x01\
        \x75\x0e\x00\x00\x00\x00\xd0\x17\x62\xd0\x8f\x6e\x01\x03\x11\x00\x00\x00\x00\x58\x05\x03\xeb\x48\x9c\x01\
        \xf3\x0c\x00\x00\x00\x00\x96\x3a\x50\x81\x23\x77\x01\xa2\x0d\x00\x00\x00\x00\x71\x39\xd4\xba\x4a\x4b\x01\
        \xe3\x0d\x00\x00\x00\x00\x71\xe6\xce\x8e\x8c\xca\x01\x03\x10\x00\x00\x00\x00\x79\x20\xb7\xca\x8b\xf4\x01\
        \xa4\x0f\x00\x00\x00\x00\x1a\x95\x06\xb8\x31\xb2\x00\xdf\x0c\x00\x00\x00\x00\xfe\x24\xf5\x16\x3c\x03\x02\
        \xc6\x0c\x00\x00\x00\x00\x38\x98\x31\x54\x51\x64\x02\x9a\x0f\x00\x00\x00\x00\xd9\x40\xfa\x59\x6f\xec\x01\
        \x90\x10\x00\x00\x00\x00\x0f\xd1\x44\x99\x02\xc7\x02\xa2\x0f\x00\x00\x00\x00\x01\xcd\x2e\x3b\x79\xa6\x01\
        \x2b\x0c\x00\x00\x00\x00\x90\x85\x14\x91\x6b\x0a\x02\xbb\x0b\x00\x00\x00\x00\xfd\x65\xb6\x94\x15\x58\x03\
        \xa9\x0c\x00\x00\x00\x00\x30\xde\x95\xdf\x8e\x31\x00\x93\x0c\x00\x00\x00\x00\xf6\x07\x26\xbf\x2a\x3d\x00\
        \xa7\x0b\x00\x00\x00\x00\x3a\x9d\x72\x8e\x3c\xa2\x01\x97\x0b\x00\x00\x00\x00\x4d\x7c\x5d\xb0\x84\xa0\x01\
        \x60\x0c\x00\x00\x00\x00\x1b\xb7\x52\xe8\x8e\x5f\x02\x9a\x0c\x00\x00\x00\x00\x60\x8a\x14\x60\x82\x8e\x01\
        \x32\x0c\x00\x00\x00\x00\x5a\xdb\xe2\x90\x83\x76\x00\xb1\x0e\x00\x00\x00\x00\xc5\xc2\xac\xb7\x30\xc6\x00\
        \x1c\x0d\x00\x00\x00\x00\xe9\x02\x00\xb6\x29\x2e\x01\x16\x0b\x00\x00\x00\x00\xa9\xe4\xd6\x24\x6b\xbf\x00\
        \x9b\x0a\x00\x00\x00\x00\x5b\xf5\xd7\x53\x2f\xa0\x02\x53\x0a\x00\x00\x00\x00\x0a\xaf\x24\xeb\x55\xf2\x01\
        \xf1\x0b\x00\x00\x00\x00\x05\x4f\x85\x45\x8c\xa5\x01\xe8\x0b\x00\x00\x00\x00\x3a\xeb\x1c\x53\x35\x9d\x01\
        \xde\x0a\x00\x00\x00\x00\xda\xe7\x6c\x15\x4a\xc9\x00\xc7\x0b\x00\x00\x00\x00\x29\x47\x1b\xe2\x1d\x1f\x02\
        \x48\x0a\x00\x00\x00\x00\xe6\x3d\xcd\x96\x0c\xa9\x00\xff\x09\x00\x00\x00\x00\x93\xc6\x22\x1b\x04\x4d\x00\
        \x9a\x0a\x00\x00\x00\x00\x09\x42\x54\x92\x4c\x0a\x03\xb1\x0c\x00\x00\x00\x00\x9b\x16\xad\x15\x38\xe6\x01\
        \x93\x09\x00\x00\x00\x00\x16\x4d\xbd\x0c\x82\x73\x01\xe7\x09\x00\x00\x00\x00\xd9\x15\xc0\x9f\x21\x10\x01\
        \x89\x09\x00\x00\x00\x00\xc6\x7d\x1c\x67\x05\x12\x01\x6a\x09\x00\x00\x00\x00\x0b\x8c\x70\xb1\x65\x30\x02\
        \x94\x09\x00\x00\x00\x00\x6a\x76\xb5\xa9\x69\x29\x01\xa5\x0c\x00\x00\x00\x00\xc0\xe8\x27\x3e\x1b\xa3\x00\
        \x1d\x09\x00\x00\x00\x00\x94\x8d\x23\xd1\x31\xd5\x00\x91\x0c\x00\x00\x00\x00\xe1\x4b\x94\x18\x0e\x3f\x02\
        \x5e\x09\x00\x00\x00\x00\x48\x86\x44\xed\x0e\x35\x01\x4e\x0a\x00\x00\x00\x00\x9e\x22\x04\xc0\x58\x3a\x03\
        \xe7\x0a\x00\x00\x00\x00\x9e\xd2\xf6\x36\x3f\x8f\x01\xa9\x0a\x00\x00\x00\x00\x6f\xa1\xd8\x62\x29\xc2\x00\
        \x79\x0a\x00\x00\x00\x00\x4e\xef\x8a\x2e\x02\x80\x01\xa1\x08\x00\x00\x00\x00\xea\xeb\xab\xc4\x0c\x01\x03\
        \x08\x09\x00\x00\x00\x00\xaf\x5a\xb5\x3e\x30\x50\x03\x7b\x0a\x00\x00\x00\x00\xcd\xb7\xed\x16\x73\xb6\x02\
        \xde\x09\x00\x00\x00\x00\x7d\x2f\x34\x09\x19\xaa\x03\xdc\x08\x00\x00\x00\x00\x39\x71\x7d\x90\x08\xe1\x02\
        \x80\x0a\x00\x00\x00\x00\x32\x9b\xf5\x48\x23\x06\x01\xbb\x08\x00\x00\x00\x00\x0b\xbb\x17\xa5\x8a\x8e\x03\
        \x96\x0a\x00\x00\x00\x00\x39\xf2\xb4\x3e\x6c\x11\x01\x1e\x09\x00\x00\x00\x00\x66\xd5\x1c\x38\x68\xb1\x00\
        \x7f\x08\x00\x00\x00\x00\x80\x50\xfc\x9b\x69\x21\x01\x1f\x09\x00\x00\x00\x00\x0c\xf1\x46\x02\x8a\x90\x01\
        \x50\x09\x00\x00\x00\x00\x44\x4a\x68\x99\x41\x42\x03\x1b\x08\x00\x00\x00\x00\xb8\xf4\x0a\xea\x48\x26\x02\
        \xe5\x0a\x00\x00\x00\x00\xbd\x2a\xc9\xba\x1d\x23\x02\xe8\x07\x00\x00\x00\x00\x73\x85\x5c\xe9\x29\x2f\x03\
        \xf7\x07\x00\x00\x00\x00\x8f\x91\xd3\xdb\x6c\xb4\x01\xbc\x0a\x00\x00\x00\x00\x4a\x04\x8e\xef\x2d\xef\x00\
        \xc9\x07\x00\x00\x00\x00\xb6\xb3\x27\x26\x2f\x34\x02\xf5\x08\x00\x00\x00\x00\x55\xf4\x00\xa8\x45\x61\x00\
        \x23\x08\x00\x00\x00\x00\x69\x9b\xf4\xe3\x19\x5d\x03\xe2\x07\x00\x00\x00\x00\x1f\x1a\x00\x14\x01\x5f\x03\
        \x8a\x07\x00\x00\x00\x00\x42\xb4\x2e\xe2\x4d\xf9\x00\x69\x08\x00\x00\x00\x00\xe2\x4f\xc1\x89\x32\x76\x02\
        \x88\x07\x00\x00\x00\x00\xd8\x34\x6b\xdc\x1a\x3d\x02\x20\x09\x00\x00\x00\x00\x0a\x15\x52\xb6\x2d\x79\x02\
        \x99\x08\x00\x00\x00\x00\x52\x84\xaa\x8e\x44\xfd\x00\x93\x07\x00\x00\x00\x00\xf1\x53\xa0\xf9\x4a\x4d\x03\
        \x33\x07\x00\x00\x00\x00\x7d\xe9\xb3\xd6\x79\x38\x00\x8a\x07\x00\x00\x00\x00\x95\x6c\xc8\x4c\x7f\x03\x03\
        \x7b\x08\x00\x00\x00\x00\xb8\x3e\x00\x10\x42\xc8\x00\x4d\x08\x00\x00\x00\x00\xc5\xa3\x07\x73\x01\x40\x00\
        \x92\x07\x00\x00\x00\x00\x90\x36\x60\x74\x58\x38\x02\x6d\x08\x00\x00\x00\x00\x96\x95\x46\xa4\x5a\x0a\x01\
        \xed\x07\x00\x00\x00\x00\x42\xae\x50\x13\x5c\xd7\x01\xf8\x06\x00\x00\x00\x00\x58\x12\x01\xcd\x22\x52\x01\
        \x17\x07\x00\x00\x00\x00\x88\xe5\xaa\x4f\x6f\x6a\x00\xd4\x06\x00\x00\x00\x00\x59\xd4\xed\x31\x51\x32\x01\
        \xdf\x06\x00\x00\x00\x00\x3c\xaa\x4c\xa0\x09\xd1\x01\x18\x07\x00\x00\x00\x00\xaa\x21\xed\xf2\x1c\xf2\x00\
        \x96\x07\x00\x00\x00\x00\x8c\x66\x8a\x95\x2d\xfe\x01\x11\x07\x00\x00\x00\x00\x01\x84\x08\xd7\x51\x7f\x02\
        \xe6\x06\x00\x00\x00\x00\xaf\x6f\xa7\x24\x86\x95\x01\x2a\x09\x00\x00\x00\x00\xa2\xcd\x7a\x4c\x7d\x71\x02\
        \x6e\x08\x00\x00\x00\x00\x2e\x8e\xb3\x7b\x50\xe1\x01\x9a\x06\x00\x00\x00\x00\x6a\x6a\x29\x6b\x3e\xac\x01\
        \xb5\x07\x00\x00\x00\x00\xdc\x7e\x6b\x57\x18\x4b\x00\xd7\x06\x00\x00\x00\x00\x14\x9e\x60\x02\x49\xe6\x00\
        \x08\x07\x00\x00\x00\x00\x25\xa3\xf7\x1e\x7f\x68\x02\x92\x06\x00\x00\x00\x00\x0a\xc3\x94\x2b\x8e\x00\x01\
        \x90\x07\x00\x00\x00\x00\x61\x1c\xad\x0e\x46\x81\x01\x0a\x08\x00\x00\x00\x00\x33\x61\x91\xca\x47\x67\x01\
        \xf6\x06\x00\x00\x00\x00\xf2\x4b\x1b\x23\x75\x52\x02\x22\x07\x00\x00\x00\x00\x7a\xeb\xaa\x9c\x31\x77\x00\
        \x1b\x08\x00\x00\x00\x00\x52\xb1\xbd\x31\x4a\x85\x02\xe2\x08\x00\x00\x00\x00\xcc\xd6\x14\x98\x78\x3b\x03\
        \xaa\x06\x00\x00\x00\x00\x19\x0d\xca\xfa\x47\x6e\x02\xc2\x08\x00\x00\x00\x00\x0d\x85\x51\x89\x28\x5c\x02\
        \x4d\x06\x00\x00\x00\x00\x07\x47\xc4\xc2\x49\x5f\x00\xb3\x06\x00\x00\x00\x00\x15\x33\xf5\x5d\x75\x85\x01\
        \x49\x06\x00\x00\x00\x00\x6b\xd4\x1b\xae\x83\x63\x02\x90\x06\x00\x00\x00\x00\xe3\xee\xf9\x8b\x47\x57\x02\
        \xca\x07\x00\x00\x00\x00\xde\xd9\xbf\xad\x3a\x3b\x02\x6a\x08\x00\x00\x00\x00\x16\xa4\xe1\xa7\x8f\x7f\x01\
        \xa7\x06\x00\x00\x00\x00\x80\x74\x0d\x26\x17\x6f\x02\xd4\x06\x00\x00\x00\x00\x34\x39\x0c\xd9\x50\x32\x02\
        \x49\x07\x00\x00\x00\x00\x29\x17\xb0\xc8\x25\x1b\x00\x5e\x07\x00\x00\x00\x00\xca\x7d\x65\x07\x82\x4a\x00\
        \x17\x06\x00\x00\x00\x00\xfc\xa6\x23\xed\x08\xd2\x00\x89\x06\x00\x00\x00\x00\xd0\x94\x82\xfc\x60\x83\x00\
        \x58\x06\x00\x00\x00\x00\x3c\xb0\xb8\xdb\x50\x60\x02\x10\x06\x00\x00\x00\x00\x7a\x2c\x73\xd7\x46\xe7\x00\
        \xc0\x06\x00\x00\x00\x00\x25\x83\x55\x8b\x31\xcf\x00\xd7\x05\x00\x00\x00\x00\x3a\xa0\x05\x71\x21\x2a\x03\
        \xe7\x05\x00\x00\x00\x00\xed\x31\xf8\x76\x67\xea\x00\xa6\x07\x00\x00\x00\x00\xf2\x37\xd8\x36\x01\xd5\x01\
        \xdb\x06\x00\x00\x00\x00\x02\x65\x9a\x9d\x1d\x66\x02\x0c\x06\x00\x00\x00\x00\x5c\xbd\x42\x6b\x0a\x62\x03\
        \xd5\x05\x00\x00\x00\x00\x5d\x29\x9d\x20\x41\xc4\x00\x64\x06\x00\x00\x00\x00\xc2\x60\x9a\x19\x06\x30\x01\
        \x21\x06\x00\x00\x00\x00\x9d\x5b\x0b\x8a\x3b\x19\x00\xba\x05\x00\x00\x00\x00\x10\x9d\xf0\x40\x34\xa3\x02\
        \x42\x07\x00\x00\x00\x00\x16\xd0\xad\x6d\x58\xf8\x00\x7b\x07\x00\x00\x00\x00\xb0\xb2\x72\xc9\x6e\x36\x03\
        \x94\x06\x00\x00\x00\x00\x8e\x84\xc1\x5b\x38\xac\x00\xf8\x06\x00\x00\x00\x00\x49\x00\xbc\x9e\x36\x4a\x01\
        \x92\x07\x00\x00\x00\x00\x74\x91\xe4\xff\x0d\x36\x02\x0c\x07\x00\x00\x00\x00\x51\xac\xbf\x38\x78\xa8\x02\
        \x5b\x05\x00\x00\x00\x00\x21\xbf\xa1\x6e\x52\x1c\x00\x52\x05\x00\x00\x00\x00\x00\x53\x32\xa8\x8c\x09\x00\
        \x51\x05\x00\x00\x00\x00\xeb\x5f\xfe\x99\x0a\xf3\x00\xd6\x05\x00\x00\x00\x00\xb3\xa5\x67\xaa\x83\xe2\x00\
        \x30\x07\x00\x00\x00\x00\xbf\xae\xdc\xe0\x62\x13\x02\x1f\x06\x00\x00\x00\x00\x73\x44\x5d\x66\x4d\x5e\x01\
        \x7d\x05\x00\x00\x00\x00\xd2\xb9\xfa\xab\x29\x5c\x03\x3c\x05\x00\x00\x00\x00\x9e\x41\x22\x53\x2d\x44\x01\
        \xd1\x06\x00\x00\x00\x00\x83\x71\xb5\x52\x86\x17\x01\xc0\x05\x00\x00\x00\x00\xe9\xc5\x97\x98\x45\x20\x03\
        \x9d\x05\x00\x00\x00\x00\x47\xb9\x5f\xaa\x61\xf7\x00\x17\x05\x00\x00\x00\x00\x59\x91\x28\x7a\x0f\xa1\x00\
        \x2a\x06\x00\x00\x00\x00\x91\xce\x1f\xde\x5a\x8b\x01\x37\x05\x00\x00\x00\x00\xcc\xab\x9d\x0e\x82\x78\x02\
        \x69\x05\x00\x00\x00\x00\x08\xde\x33\x73\x5a\xf4\x00\x7f\x06\x00\x00\x00\x00\x42\xef\xd8\xdd\x5b\x02\x03\
        \x47\x05\x00\x00\x00\x00\x9d\xf4\x52\x06\x13\xab\x02\xd3\x05\x00\x00\x00\x00\x90\xac\xa9\xc6\x26\x1e\x03\
        \x49\x05\x00\x00\x00\x00\x40\xee\xc7\x6f\x11\x9f\x01\x33\x05\x00\x00\x00\x00\x22\x48\xf0\xf7\x38\x7d\x01\
        \x0b\x05\x00\x00\x00\x00\x29\x29\x3d\x63\x12\xb9\x02\x7b\x06\x00\x00\x00\x00\x42\x33\x40\x55\x82\xe0\x00\
        \xe9\x05\x00\x00\x00\x00\x0f\x7c\x5e\x0f\x64\xcd\x00\xcb\x04\x00\x00\x00\x00\x5a\x42\x48\xd8\x66\x5c\x01\
        \xbd\x04\x00\x00\x00\x00\x0d\xff\xa5\xff\x69\xe1\x00\xf1\x05\x00\x00\x00\x00\x42\xe2\x82\xfc\x0c\xb5\x02\
        \xc4\x04\x00\x00\x00\x00\x88\xf5\x42\x86\x54\x1d\x01\x35\x05\x00\x00\x00\x00\x63\x69\x7e\x11\x1d\xa3\x01\
        \x04\x06\x00\x00\x00\x00\x97\x1b\x13\xad\x85\xd6\x00\xbc\x04\x00\x00\x00\x00\x90\x27\x63\xc6\x4e\x6c\x01\
        \xdd\x04\x00\x00\x00\x00\xa1\x3b\xac\x2b\x62\x1a\x00\x4e\x05\x00\x00\x00\x00\x77\xe5\xbc\xb7\x4f\x6f\x01\
        \xca\x05\x00\x00\x00\x00\x25\x6a\x98\x43\x47\xac\x02\x10\x06\x00\x00\x00\x00\x7b\x52\xa2\x49\x0b\x1a\x01\
        \xb6\x05\x00\x00\x00\x00\xc7\xb9\x8a\xb2\x35\x82\x02\x9c\x04\x00\x00\x00\x00\xab\x40\x03\x1f\x52\x45\x02\
        \x7e\x05\x00\x00\x00\x00\xba\x10\xd6\xcf\x23\x1d\x02\x87\x05\x00\x00\x00\x00\xed\x3c\xd6\x09\x35\xd3\x01\
        \x38\x05\x00\x00\x00\x00\xbc\x70\x5c\x18\x2c\x58\x01\xcd\x05\x00\x00\x00\x00\xab\x8f\x24\xcd\x52\xd8\x01\
        \xdf\x04\x00\x00\x00\x00\x18\x20\x90\x65\x83\x14\x01\x52\x04\x00\x00\x00\x00\xb2\xc6\xdc\xd3\x14\x13\x00\
        \xcb\x04\x00\x00\x00\x00\xec\x13\x7d\x50\x40\xcb\x00\x3e\x04\x00\x00\x00\x00\x45\xeb\x45\xd9\x83\x29\x02\
        \x43\x04\x00\x00\x00\x00\xfe\x5f\x15\xb7\x41\x72\x02\x90\x04\x00\x00\x00\x00\x87\x38\xf9\x31\x55\x49\x03\
        \x31\x05\x00\x00\x00\x00\x42\xe7\x41\xe1\x03\x6a\x01\x64\x04\x00\x00\x00\x00\x17\x8d\xe9\x01\x89\x3e\x02\
        \x3a\x04\x00\x00\x00\x00\x76\xad\xf9\x19\x69\x43\x01\x51\x04\x00\x00\x00\x00\xbb\x2a\xc9\x24\x2d\xbe\x00\
        \x23\x04\x00\x00\x00\x00\x64\xf4\x99\x2c\x24\x69\x01\x25\x05\x00\x00\x00\x00\xeb\x07\x85\xbf\x5e\xdb\x01\
        \xec\x04\x00\x00\x00\x00\x9e\x08\x3c\x06\x86\x40\x01\xa7\x05\x00\x00\x00\x00\x41\x41\x0c\x29\x0f\x50\x02\
        \x85\x05\x00\x00\x00\x00\xae\x72\xce\xe0\x6d\x59\x02\x3a\x04\x00\x00\x00\x00\x33\x4c\xb7\x9c\x82\x59\x01\
        \x7c\x04\x00\x00\x00\x00\xde\xa4\x2b\x3b\x4c\x21\x02\x18\x04\x00\x00\x00\x00\x26\xa7\x7e\x1c\x6c\x8e\x00\
        \x30\x04\x00\x00\x00\x00\x06\x2a\x1a\x31\x0b\x33\x02\x15\x04\x00\x00\x00\x00\xf4\x5d\x65\x88\x6c\x2f\x01\
        \x0c\x04\x00\x00\x00\x00\xc2\x51\xf6\x57\x27\x4a\x02\x1c\x04\x00\x00\x00\x00\x7a\x12\xe2\x12\x6e\xfa\x01\
        \x8e\x04\x00\x00\x00\x00\x6b\xab\x33\xef\x73\x08\x01\x4b\x04\x00\x00\x00\x00\x7f\x1a\x9f\xea\x48\x9b\x02\
        \x5c\x05\x00\x00\x00\x00\xcb\x97\x3d\x86\x71\xe9\x01\x0d\x04\x00\x00\x00\x00\x7d\x03\x34\xe2\x44\x59\x03\
        \x82\x04\x00\x00\x00\x00\x5c\x44\x46\x8c\x56\x6c\x00\xf5\x03\x00\x00\x00\x00\xe3\x28\x81\x97\x15\xfe\x00\
        \x3d\x04\x00\x00\x00\x00\x57\xf4\x50\x56\x4a\x9b\x00\x06\x04\x00\x00\x00\x00\xb5\x98\xd4\x66\x00\xe9\x00\
        \x02\x05\x00\x00\x00\x00\xbd\xac\x6b\xcb\x6e\x8a\x01\xcc\x03\x00\x00\x00\x00\x45\x88\xcc\x94\x16\x08\x03\
        \x17\x04\x00\x00\x00\x00\x23\xa6\x77\x11\x17\xdb\x00\xd4\x03\x00\x00\x00\x00\xa4\xc9\xc2\x81\x4c\x8a\x02\
        \xc6\x03\x00\x00\x00\x00\x70\x39\x93\xcf\x25\x3e\x03\x65\x04\x00\x00\x00\x00\xf4\x6b\x7b\x17\x34\x33\x01\
        \xa9\x03\x00\x00\x00\x00\xdd\xf7\xc1\xf4\x14\x83\x01\x14\x04\x00\x00\x00\x00\xda\x06\xab\x25\x52\x55\x01\
        \x69\x04\x00\x00\x00\x00\xa7\x4e\xa1\x6e\x71\xf0\x01\xdc\x04\x00\x00\x00\x00\xe7\xea\x2b\xc6\x12\xf6\x00\
        \x9c\x03\x00\x00\x00\x00\x6c\x30\x9b\xdc\x36\xdf\x02\x3f\x04\x00\x00\x00\x00\x80\xc5\x03\xc1\x4a\x94\x03\
        \x98\x03\x00\x00\x00\x00\xa3\x7a\x67\x4a\x46\x88\x02\x92\x03\x00\x00\x00\x00\xd3\x78\xcf\x2d\x65\x55\x02\
        \xa3\x03\x00\x00\x00\x00\xb4\x70\xe3\x7c\x81\x6d\x01\x90\x03\x00\x00\x00\x00\x85\x05\x64\x97\x34\x95\x02\
        \xb2\x04\x00\x00\x00\x00\xc1\xa7\xb1\x4b\x29\x77\x03\x01\x04\x00\x00\x00\x00\x95\x85\x75\xa2\x8d\x13\x01\
        \x77\x03\x00\x00\x00\x00\xea\xdb\x5c\xf8\x80\x1f\x01\x78\x03\x00\x00\x00\x00\x88\xc2\x7c\xc2\x4e\xde\x01\
        \x03\x04\x00\x00\x00\x00\x76\xe3\x68\x45\x26\x9e\x02\x81\x04\x00\x00\x00\x00\xb8\xa7\x22\x1f\x79\x7a\x01\
        \x14\x04\x00\x00\x00\x00\x31\x06\x52\x46\x07\x47\x01\xad\x04\x00\x00\x00\x00\xcd\xf5\x5f\xd9\x48\xe0\x02\
        \xca\x03\x00\x00\x00\x00\xb8\x8e\x00\x75\x35\x79\x00\xa2\x03\x00\x00\x00\x00\x4e\x82\xc6\x18\x43\x2f\x02\
        \x1c\x04\x00\x00\x00\x00\x6a\xf9\x09\x76\x27\x16\x01\x4f\x03\x00\x00\x00\x00\xaa\x6c\x0f\xdd\x4b\x43\x02\
        \x71\x04\x00\x00\x00\x00\xa1\xfd\xd6\x9a\x5d\xbc\x02\x60\x03\x00\x00\x00\x00\x6c\x88\xa1\xaf\x3e\x48\x00\
        \x8a\x03\x00\x00\x00\x00\x12\x97\x43\xfa\x8c\x05\x01\x5c\x03\x00\x00\x00\x00\xd9\x95\x73\x55\x6f\x57\x01\
        \xab\x03\x00\x00\x00\x00\x3e\x63\x6e\xc7\x51\x34\x01\x5c\x03\x00\x00\x00\x00\xd0\x63\x3d\x61\x7c\x45\x01\
        \x6c\x03\x00\x00\x00\x00\x4c\xdc\x56\x6a\x14\x67\x03\x33\x03\x00\x00\x00\x00\x87\x59\xe5\x2a\x53\x09\x01\
        \x38\x03\x00\x00\x00\x00\xc3\x2b\x49\x6f\x0f\xad\x03\x51\x03\x00\x00\x00\x00\x15\x27\x9c\x43\x4b\xbd\x02\
        \x34\x03\x00\x00\x00\x00\x7f\x44\xdc\x90\x85\x87\x01\x5c\x04\x00\x00\x00\x00\xb0\xce\x49\x9c\x1c\x9d\x02\
        \x64\x03\x00\x00\x00\x00\x54\x2a\x59\xa1\x12\xeb\x02\x70\x03\x00\x00\x00\x00\x36\x84\x95\x4f\x62\xd5\x02\
        \x43\x03\x00\x00\x00\x00\x64\x9c\x47\x1a\x7d\x86\x03\xce\x03\x00\x00\x00\x00\x8d\x65\xb0\x9a\x55\xb2\x03\
        \x14\x03\x00\x00\x00\x00\xb5\x33\xf0\x04\x0c\x3e\x01\x7f\x03\x00\x00\x00\x00\x48\xfd\x33\x9a\x40\x33\x03\
        \x51\x03\x00\x00\x00\x00\xee\xb1\x4d\x72\x64\xdc\x01\x9d\x03\x00\x00\x00\x00\xf6\xeb\xc1\xea\x0c\x97\x01\
        \x98\x03\x00\x00\x00\x00\xfd\x5a\xae\xe2\x91\xba\x01\x7c\x03\x00\x00\x00\x00\x65\xf2\x1a\x2b\x3e\x05\x02\
        \x4e\x03\x00\x00\x00\x00\xe4\x36\xf0\x84\x89\x4e\x02\xb4\x03\x00\x00\x00\x00\xa7\xcc\x17\x25\x12\xb0\x03\
        \x4c\x03\x00\x00\x00\x00\xf0\x62\x30\x3a\x00\x98\x01\xf8\x02\x00\x00\x00\x00\x14\x58\xfb\x1a\x1a\xb5\x01\
        \x34\x03\x00\x00\x00\x00\x8e\x41\x00\xfe\x24\x20\x02\x0d\x03\x00\x00\x00\x00\xa1\x89\x49\x67\x2b\x9b\x01\
        \xc7\x03\x00\x00\x00\x00\x9d\x35\x57\xa6\x4a\x98\x03\x25\x03\x00\x00\x00\x00\x37\xef\x10\xf4\x01\x6b\x03\
        \x97\x03\x00\x00\x00\x00\x09\x72\x28\x63\x82\x1e\x01\xe2\x02\x00\x00\x00\x00\xa2\x91\xd2\xb1\x3d\x1c\x02\
        \xe2\x02\x00\x00\x00\x00\x12\x52\xf5\x75\x89\xbb\x01\xe5\x02\x00\x00\x00\x00\xef\x87\x6f\x6e\x47\x82\x03\
        \xd5\x02\x00\x00\x00\x00\xca\xeb\x0a\x7a\x41\x4e\x03\x6e\x03\x00\x00\x00\x00\xec\xf8\x21\xd9\x17\x89\x03\
        \xd1\x02\x00\x00\x00\x00\x22\x84\x12\x4d\x7b\x7d\x02\xe2\x03\x00\x00\x00\x00\x74\xfd\x52\x3b\x78\xa8\x03\
        \x7a\x03\x00\x00\x00\x00\x7d\xd1\xc4\xa6\x5f\x3c\x02\x3e\x03\x00\x00\x00\x00\x37\x03\x6c\x35\x07\x53\x02\
        \xc2\x03\x00\x00\x00\x00\xa6\x27\xe6\x8b\x22\x40\x02\x37\x03\x00\x00\x00\x00\x49\x5e\x50\x06\x4b\x8d\x00\
        \x94\x03\x00\x00\x00\x00\x08\x9f\x23\x60\x8c\x2c\x00\xd5\x02\x00\x00\x00\x00\x84\x61\x09\xf2\x32\x67\x02\
        \x5d\x03\x00\x00\x00\x00\xc3\xac\x3c\xe5\x66\x87\x03\x56\x03\x00\x00\x00\x00\xf0\xc1\x8d\x85\x7f\x29\x03\
        \xc5\x02\x00\x00\x00\x00\x2e\x76\xb7\x93\x19\xc1\x00\x58\x03\x00\x00\x00\x00\x5e\x93\x82\x14\x3c\x26\x03\
        \xde\x02\x00\x00\x00\x00\x98\xf6\x6b\xb5\x02\xa7\x01\xd7\x02\x00\x00\x00\x00\x06\x92\x4d\x5b\x24\x66\x03\
        \xaf\x02\x00\x00\x00\x00\x61\x10\x54\xc9\x3d\xa5\x02\xaa\x03\x00\x00\x00\x00\x30\xd7\x81\x22\x08\x58\x02\
        \x40\x03\x00\x00\x00\x00\xcb\x5b\x5d\xc2\x77\x2b\x02\x99\x02\x00\x00\x00\x00\xe7\x23\x17\xaf\x2b\x7e\x00\
        \x25\x03\x00\x00\x00\x00\xcb\xe0\xf0\xdb\x3d\x5d\x00\x4e\x03\x00\x00\x00\x00\xfc\xc7\x21\x5b\x22\xf3\x01\
        \x5f\x03\x00\x00\x00\x00\xef\xd6\x62\xd4\x5c\xb8\x01\x26\x03\x00\x00\x00\x00\xe8\x76\xe0\x24\x6c\x62\x01\
        \x5c\x03\x00\x00\x00\x00\x67\xe2\xd6\xc5\x21\xf8\x02\xb0\x02\x00\x00\x00\x00\xc6\xd2\xf3\x8e\x84\x3a\x01\
        \x5b\x03\x00\x00\x00\x00\x38\x59\xae\xf4\x7b\xa2\x02\x9c\x02\x00\x00\x00\x00\xbc\xca\xae\xf9\x72\x78\x03\
        \x32\x03\x00\x00\x00\x00\x2e\x56\x44\x0e\x21\x84\x01\xb2\x02\x00\x00\x00\x00\xa0\x40\x7b\xb1\x12\x12\x02\
        \x7e\x02\x00\x00\x00\x00\x06\xa4\xde\x32\x62\x44\x02\x6e\x03\x00\x00\x00\x00\x73\x12\x77\x40\x3c\xda\x01\
        \x2b\x03\x00\x00\x00\x00\x06\x25\xd7\x5c\x1e\x2c\x02\x7d\x02\x00\x00\x00\x00\x37\xb1\xe6\xc0\x8e\x73\x03\
        \x35\x03\x00\x00\x00\x00\x48\xd4\xbb\xcc\x5a\x16\x02\x82\x02\x00\x00\x00\x00\xf7\x81\x3e\x7a\x2b\x2a\x02\
        \x0d\x03\x00\x00\x00\x00\xac\x15\xdd\x8f\x1b\x17\x02\x24\x03\x00\x00\x00\x00\x7c\x60\xdc\x74\x2c\xbc\x01\
        \xae\x02\x00\x00\x00\x00\x82\x75\x16\x4e\x06\x33\x00\x7a\x02\x00\x00\x00\x00\x23\xae\x47\x0a\x50\xaf\x01\
        \x7f\x02\x00\x00\x00\x00\x1f\x87\x2f\x78\x2b\x8f\x03\x6c\x02\x00\x00\x00\x00\xf2\x85\xa8\x80\x3b\x27\x02\
        \xb9\x02\x00\x00\x00\x00\x8a\x0a\xaa\x57\x61\x0f\x00\xae\x02\x00\x00\x00\x00\xae\xb1\xe6\xa0\x3a\xaa\x01\
        \x51\x03\x00\x00\x00\x00\xc4\x5f\x1d\x87\x81\x69\x03\x66\x02\x00\x00\x00\x00\xd9\xa5\x8a\x23\x90\xc9\x01\
        \x82\x02\x00\x00\x00\x00\x4a\xb6\xf2\xcc\x27\x7c\x03\xec\x02\x00\x00\x00\x00\x81\x01\x95\x9b\x54\x66\x00\
        \x67\x02\x00\x00\x00\x00\xe5\xc3\x2d\x62\x7d\xe5\x01\x59\x02\x00\x00\x00\x00\x2b\x51\x2a\xfc\x14\xbd\x01\
        \x5c\x02\x00\x00\x00\x00\xc7\x3e\xde\xac\x7e\x9e\x01\x55\x02\x00\x00\x00\x00\x49\xa6\x1a\xc3\x46\x23\x00\
        \xff\x02\x00\x00\x00\x00\x04\x11\xc7\xa7\x68\x93\x02\x0a\x03\x00\x00\x00\x00\x71\xcd\xaa\xe1\x47\x04\x01\
        \x52\x02\x00\x00\x00\x00\x25\x2a\x01\xdd\x42\xa4\x01\x4c\x02\x00\x00\x00\x00\x5e\x1d\xe9\xea\x01\x61\x03\
        \x57\x02\x00\x00\x00\x00\x74\x06\x6c\x5b\x60\xc3\x01\xb4\x02\x00\x00\x00\x00\x59\xa3\x61\x3e\x8e\x35\x00\
        \x55\x02\x00\x00\x00\x00\x79\x59\xd9\xc5\x8e\x29\x00\x13\x03\x00\x00\x00\x00\x28\x92\x5c\x25\x2e\xef\x01\
        \x06\x03\x00\x00\x00\x00\x14\x60\xc3\x3e\x70\x09\x02\x4d\x02\x00\x00\x00\x00\xa0\xfc\x73\x1d\x07\x9c\x00\
        \x41\x02\x00\x00\x00\x00\x6b\xf4\x83\x90\x59\xd6\x01\x3f\x02\x00\x00\x00\x00\x69\x3c\x63\xee\x68\x6c\x02\
        \xd5\x02\x00\x00\x00\x00\x9c\x30\x34\x94\x3f\x1e\x00\x31\x02\x00\x00\x00\x00\xf8\x88\xba\x3c\x5a\x92\x00\
        \x2e\x02\x00\x00\x00\x00\xac\xa6\xca\x40\x4e\xae\x03\x81\x02\x00\x00\x00\x00\xfd\x50\x98\x20\x72\x1a\x02\
        \x2d\x02\x00\x00\x00\x00\x2d\xfb\x1e\x79\x50\xac\x03\x2e\x02\x00\x00\x00\x00\xd1\x98\xef\x43\x1b\x4b\x03\
        \x7d\x02\x00\x00\x00\x00\x0f\x99\x11\xc5\x8d\x56\x00\x77\x02\x00\x00\x00\x00\x95\x6d\x9c\xbf\x83\xb1\x01\
        \x74\x02\x00\x00\x00\x00\x82\x8d\x0f\x3a\x36\x20\x01\x30\x02\x00\x00\x00\x00\x83\xbc\x49\x27\x53\x7d\x03\
        \x24\x02\x00\x00\x00\x00\xc6\x3b\x57\xa3\x46\x27\x00\xba\x02\x00\x00\x00\x00\xa8\x3a\x0f\xd4\x2f\x38\x03\
        \xec\x02\x00\x00\x00\x00\x98\x03\xd9\xcd\x06\xd3\x00\xe8\x02\x00\x00\x00\x00\xa1\xf4\xd7\x44\x36\x93\x01\
        \x4a\x02\x00\x00\x00\x00\x7b\x45\x72\x74\x84\xae\x02\x48\x02\x00\x00\x00\x00\x0e\x29\xeb\x1a\x8e\x25\x00\
        \x67\x02\x00\x00\x00\x00\xf1\x84\x46\x1c\x6e\x46\x03\x19\x02\x00\x00\x00\x00\x51\xf3\xd1\x93\x23\x95\x03\
        \x53\x02\x00\x00\x00\x00\x90\xb0\x5c\x28\x2c\x89\x00\x1e\x02\x00\x00\x00\x00\x32\x75\xa9\x93\x4c\xa4\x03\
        \x20\x02\x00\x00\x00\x00\xe5\x6d\x23\x2d\x10\x6f\x03\x34\x02\x00\x00\x00\x00\x4e\x18\xe5\xeb\x10\x35\x02\
        \x22\x02\x00\x00\x00\x00\xe4\x08\x95\x93\x0a\x72\x03\x49\x02\x00\x00\x00\x00\x03\x15\x42\xcf\x41\xdc\x00\
        \x10\x02\x00\x00\x00\x00\x49\x15\x4f\x0a\x36\x08\x02\x12\x02\x00\x00\x00\x00\x99\x6f\x27\x4d\x74\x9c\x03\
        \x37\x02\x00\x00\x00\x00\x73\xb8\x6d\xa8\x77\xc7\x00\x0f\x02\x00\x00\x00\x00\xcc\xe6\xb9\xe0\x7d\x06\x02\
        \x13\x02\x00\x00\x00\x00\x6a\x0a\xe2\xe8\x03\x4d\x02\x17\x02\x00\x00\x00\x00\x8a\x80\xdb\x42\x21\x2f\x00\
        \xb0\x02\x00\x00\x00\x00\xd6\x67\xdd\xca\x0a\xe8\x01\xb9\x02\x00\x00\x00\x00\xf6\x30\x3e\x31\x74\x34\x00\
        \x29\x02\x00\x00\x00\x00\x4a\x96\x78\xf4\x79\x41\x01\xf8\x01\x00\x00\x00\x00\xe0\x3e\xcc\x32\x3c\x7f\x03\
        \x07\x02\x00\x00\x00\x00\x2a\xbb\xcd\x36\x48\x9b\x03\x6b\x02\x00\x00\x00\x00\xca\x94\x64\x82\x56\xed\x02\
        \x6d\x02\x00\x00\x00\x00\xa7\x6b\xea\xdf\x5c\xed\x00\x20\x02\x00\x00\x00\x00\x27\x03\xa0\xa5\x18\x8e\x02\
        \x1d\x02\x00\x00\x00\x00\x2f\x18\xf6\xb4\x47\x92\x02\xe8\x01\x00\x00\x00\x00\x4d\x8c\x5a\xad\x7a\xc8\x02\
        \x7f\x02\x00\x00\x00\x00\x7b\x1f\x48\x96\x45\x09\x03\xac\x02\x00\x00\x00\x00\x6d\x08\xf0\x41\x45\xca\x00\
        \x2b\x02\x00\x00\x00\x00\x90\x58\x17\x2b\x53\x5a\x02\xe2\x01\x00\x00\x00\x00\x33\x7f\xb7\xef\x2a\x4c\x02\
        \xed\x01\x00\x00\x00\x00\xc1\x28\xf0\x1b\x3e\xeb\x01\x29\x02\x00\x00\x00\x00\xbe\x13\xaf\xb4\x7b\x5b\x01\
        \x64\x02\x00\x00\x00\x00\x3e\x38\xac\x82\x1d\xf1\x01\x45\x02\x00\x00\x00\x00\x0f\x15\xef\x62\x86\xcd\x01\
        \x19\x02\x00\x00\x00\x00\x51\x4e\x05\xa3\x55\x8d\x01\xdc\x01\x00\x00\x00\x00\x48\xeb\x08\x8a\x4c\xc4\x01\
        \xed\x01\x00\x00\x00\x00\xf2\x93\x90\xf5\x56\x90\x00\xed\x01\x00\x00\x00\x00\x06\x51\x62\xf3\x1c\xa9\x03\
        \x65\x02\x00\x00\x00\x00\xb4\x6f\xd2\x70\x59\x46\x02\x43\x02\x00\x00\x00\x00\x31\x95\x1d\x8b\x00\x49\x02\
        \x8d\x02\x00\x00\x00\x00\xa3\x70\x9a\xf4\x37\xb0\x01\xfd\x01\x00\x00\x00\x00\xdf\xcf\xd2\x73\x10\xa6\x02\
        \x34\x02\x00\x00\x00\x00\x7e\xcb\xa3\xee\x58\x39\x02\xd4\x01\x00\x00\x00\x00\xf0\xb2\x66\x92\x51\x74\x03\
        \x6d\x02\x00\x00\x00\x00\x89\xe9\x96\xd3\x6a\x82\x00\x50\x02\x00\x00\x00\x00\xdb\x1f\x24\x26\x17\xfc\x01\
        \xc9\x01\x00\x00\x00\x00\x73\x78\x71\x75\x37\x19\x02\xca\x01\x00\x00\x00\x00\x42\x25\xa9\x52\x8a\x28\x01\
        \xce\x01\x00\x00\x00\x00\x63\xa2\x4d\x90\x19\x78\x00\xeb\x01\x00\x00\x00\x00\x8c\x50\x19\xf9\x1d\xc0\x00\
        \xd9\x01\x00\x00\x00\x00\x5f\x79\x04\x0a\x75\x7c\x00\x1c\x02\x00\x00\x00\x00\x3a\x8f\xd7\xc1\x0c\xb5\x03\
        \x13\x02\x00\x00\x00\x00\x4d\x8f\xb3\xfd\x06\xf9\x01\xe8\x01\x00\x00\x00\x00\xaa\x32\x70\xf2\x7b\x8d\x02\
        \xc1\x01\x00\x00\x00\x00\x64\x63\x61\x73\x46\x8c\x03\x1f\x02\x00\x00\x00\x00\x3a\xdf\x00\x8f\x45\x63\x03\
        \x75\x02\x00\x00\x00\x00\x67\xec\x5f\x2c\x40\xda\x00\xe1\x01\x00\x00\x00\x00\xa4\x4f\xf0\x95\x54\x84\x03\
        \xbc\x01\x00\x00\x00\x00\x49\x85\x44\x56\x6b\x74\x01\x6e\x02\x00\x00\x00\x00\x15\xe7\x14\x75\x35\xa3\x03\
        \x4c\x02\x00\x00\x00\x00\x1f\x23\xa5\x4e\x7f\xb2\x01\xe5\x01\x00\x00\x00\x00\x62\x5c\xf1\x62\x11\xc7\x01\
        \x53\x02\x00\x00\x00\x00\xac\x59\x64\x0d\x58\x93\x03\x37\x02\x00\x00\x00\x00\x43\x8d\xc4\xed\x08\xc8\x01\
        \xda\x01\x00\x00\x00\x00\xe3\x40\x77\x88\x4e\x57\x03\xb2\x01\x00\x00\x00\x00\x0e\x32\x2a\x90\x3d\xcf\x01\
        \x5c\x02\x00\x00\x00\x00\x2e\x6a\x5a\x5e\x14\x8d\x03\x08\x02\x00\x00\x00\x00\x07\x82\xc4\x7f\x31\xf5\x01\
        \x01\x02\x00\x00\x00\x00\xbc\x8a\xe1\xeb\x76\x4f\x02\xcb\x01\x00\x00\x00\x00\x7d\x3b\x8c\xbe\x5e\x7a\x03\
        \xd2\x01\x00\x00\x00\x00\x4e\x93\x47\x5d\x35\x00\x03\x4d\x02\x00\x00\x00\x00\x53\x8e\xbb\x3d\x11\x7c\x02\
        \xd2\x01\x00\x00\x00\x00\xd3\xe2\x17\xbe\x38\x43\x03\x36\x02\x00\x00\x00\x00\x58\xcb\xd5\xe8\x0d\xdd\x00\
        \xad\x01\x00\x00\x00\x00\x5a\xd5\x74\x5c\x39\x5a\x03\xda\x01\x00\x00\x00\x00\x7d\xd4\xa7\xe4\x78\xee\x01\
        \xad\x01\x00\x00\x00\x00\x23\xa0\x4d\xcb\x0d\x47\x02\xff\x01\x00\x00\x00\x00\xe8\xcf\x06\xf7\x38\xa2\x03\
        \xa8\x01\x00\x00\x00\x00\x71\x47\x45\xe7\x26\x99\x00\x9c\x01\x00\x00\x00\x00\xc1\x4f\x84\xbf\x4c\x2a\x00\
        \xb4\x01\x00\x00\x00\x00\xef\x6f\x71\xc8\x20\x1b\x02\xad\x01\x00\x00\x00\x00\x7b\x91\x83\xcd\x31\x47\x03\
        \xfe\x01\x00\x00\x00\x00\xdc\x4a\xca\xe7\x63\x17\x03\xf5\x01\x00\x00\x00\x00\xe6\xc0\x1d\x03\x88\xa0\x03\
        \x24\x02\x00\x00\x00\x00\x0d\x2b\x37\x7f\x8c\x9d\x03\xb1\x01\x00\x00\x00\x00\xeb\x6d\x74\x15\x0a\xc5\x01\
        \xb1\x01\x00\x00\x00\x00\x04\xcb\x45\x29\x8a\xc1\x02\xad\x01\x00\x00\x00\x00\xe3\x20\x8f\xeb\x32\x80\x02\
        \xb7\x01\x00\x00\x00\x00\x31\xe8\x88\x72\x0a\x27\x01\x2b\x02\x00\x00\x00\x00\x1c\x73\x0d\x5c\x17\x96\x00\
        \xb9\x01\x00\x00\x00\x00\xdb\x03\x7d\x67\x47\x99\x02\x20\x02\x00\x00\x00\x00\xaf\x40\x62\xe7\x33\x90\x02\
        \x94\x01\x00\x00\x00\x00\x93\x00\xb3\xd1\x51\x7e\x02\x9c\x01\x00\x00\x00\x00\x02\x08\x72\xc9\x88\x22\x00\
        \xba\x01\x00\x00\x00\x00\x2b\x81\xc4\x35\x7d\x80\x00\xd1\x01\x00\x00\x00\x00\xc6\xab\xba\x09\x2d\x91\x03\
        \x91\x01\x00\x00\x00\x00\xf0\x0f\xc9\x9e\x43\xe2\x02\xe1\x01\x00\x00\x00\x00\xdc\xf5\x14\x99\x90\xb6\x01\
        \x81\x01\x00\x00\x00\x00\xb6\x63\xeb\x0f\x03\x10\x02\x7f\x01\x00\x00\x00\x00\xbb\x65\x65\x2e\x8c\x75\x02\
        \x87\x01\x00\x00\x00\x00\x9d\x41\xd0\x99\x41\x8a\x03\x8b\x01\x00\x00\x00\x00\xf5\xdc\x3a\x35\x05\xb4\x03\
        \xe0\x01\x00\x00\x00\x00\x96\xf7\xfe\xb0\x5a\x0f\x02\xaa\x01\x00\x00\x00\x00\x9d\x0a\xab\xeb\x58\x75\x01\
        \xd7\x01\x00\x00\x00\x00\x11\x64\x7c\x67\x91\x04\x02\x7b\x01\x00\x00\x00\x00\xf1\x36\x59\xaa\x1a\x3a\x02\
        \x73\x01\x00\x00\x00\x00\xff\x79\x9b\x5d\x8f\x24\x01\xdc\x01\x00\x00\x00\x00\x6d\x68\x0f\x9f\x66\xf9\x02\
        \xff\x01\x00\x00\x00\x00\xaa\x23\x6c\xc8\x80\x56\x02"),
    // Variable 3, tau^1: 371 terms.
    (3, 1, b"\
        \xb0\x26\xce\x4b\x00\x00\xbe\x9f\x81\xaf\x3d\x4e\x01\x78\xe2\xac\x03\x00\x00\x63\x69\xf3\xdd\x45\x37\x02\
        \x81\x7c\x2f\x03\x00\x00\x07\x58\xf7\xbc\x5a\x31\x01\x13\xd9\xdb\x01\x00\x00\x3c\x1b\x93\xaf\x71\x6b\x01\
        \xbd\x90\x77\x02\x00\x00\x00\x00\x00\x00\x00\x00\x00\x5f\xc6\xb4\x00\x00\x00\x2b\xb6\x50\x30\x38\xf5\x00\
        \x76\xde\x8b\x00\x00\x00\x8d\x59\x88\xd2\x6e\x26\x00\xab\x74\x30\x00\x00\x00\xd9\xac\x7a\x07\x41\x7d\x00\
        \x99\xe1\x30\x00\x00\x00\x97\xb1\x08\x53\x79\xc6\x01\x39\xef\x33\x00\x00\x00\xc7\x83\x0e\xed\x4d\xb1\x02\
        \xf5\xab\x27\x00\x00\x00\xc4\xee\xa7\x9e\x54\xae\x00\x5f\xce\x24\x00\x00\x00\x02\x56\xcd\x36\x22\xfc\x00\
        \x36\xd1\x2a\x00\x00\x00\xa6\x00\xab\x21\x57\x2a\x01\x83\xd7\x28\x00\x00\x00\x5a\x96\xe4\xd3\x64\x28\x02\
        \xa8\x0c\x20\x00\x00\x00\x24\x91\x15\x73\x5b\xab\x01\x50\x1e\x19\x00\x00\x00\xa9\xd4\xf1\x9e\x7b\x48\x02\
        \x85\x0a\x19\x00\x00\x00\x13\x73\x1c\xd3\x66\x96\x01\xa6\x04\x10\x00\x00\x00\x6f\xe7\xf4\x99\x49\xb3\x00\
        \xbf\xa2\x0f\x00\x00\x00\xa2\xfd\x48\x79\x3b\xee\x00\xe2\x4d\x0b\x00\x00\x00\x8b\xe9\x83\x8b\x32\x62\x02\
        \x1e\x4e\x0c\x00\x00\x00\xac\x5b\xfb\x56\x3e\xa1\x01\x79\x53\x0a\x00\x00\x00\xa4\x44\xb1\x83\x91\xe7\x01\
        \xb6\x27\x07\x00\x00\x00\xf3\x9d\xef\xa8\x6d\x72\x01\xd4\xc8\x06\x00\x00\x00\xfe\x6e\x70\x62\x09\xd7\x00\
        \x22\xa7\x08\x00\x00\x00\x51\x4b\x59\x8f\x6a\xcc\x01\x60\x58\x06\x00\x00\x00\x6d\x57\x9a\xfe\x7c\xc0\x01\
        \xca\x65\x07\x00\x00\x00\xb2\x9d\xdc\x7c\x39\x07\x02\xa8\x26\x05\x00\x00\x00\xc2\xe5\xe3\xbf\x49\x0c\x02\
        \x2f\x21\x06\x00\x00\x00\xea\xfb\x7d\x38\x6b\xd0\x00\xc2\x4c\x05\x00\x00\x00\x44\x95\x30\x00\x6d\x37\x00\
        \x77\xfa\x03\x00\x00\x00\x5f\x8a\xfa\x65\x7c\xea\x01\x74\x5b\x03\x00\x00\x00\x70\x9d\x48\xbc\x70\x86\x02\
        \xe1\x19\x03\x00\x00\x00\x9b\xd1\xc1\x63\x82\x5e\x02\xa6\xc2\x03\x00\x00\x00\xf8\x82\x42\x5b\x5b\x00\x02\
        \x17\xcd\x02\x00\x00\x00\xd5\xcf\xae\x4a\x63\x74\x00\xff\x01\x03\x00\x00\x00\xb8\xb9\x72\x48\x56\xf4\x02\
        \x0e\xbf\x02\x00\x00\x00\xf8\xb0\xc6\x7e\x66\x60\x01\x04\xfd\x02\x00\x00\x00\x86\x1d\x95\x84\x57\xaa\x00\
        \xcc\x0d\x03\x00\x00\x00\xc2\x89\x56\x5c\x67\x24\x02\x08\x99\x02\x00\x00\x00\x41\x41\x38\xd8\x70\x3c\x01\
        \x98\x3b\x02\x00\x00\x00\xc5\xc0\xde\xb6\x8e\x61\x01\x41\x09\x02\x00\x00\x00\xa2\x2a\x8c\xc2\x1e\x87\x00\
        \xbe\x03\x02\x00\x00\x00\xdc\x51\x5b\x08\x69\x3b\x01\x80\xe3\x01\x00\x00\x00\x6c\x4b\x45\x8d\x2f\x9a\x02\
        \x14\xdc\x01\x00\x00\x00\x4f\x85\x25\x93\x66\x65\x02\x9a\xc2\x01\x00\x00\x00\x1a\xaa\x83\x04\x68\xaa\x02\
        \xff\x80\x01\x00\x00\x00\xbb\x58\xfa\x5e\x85\xb8\x02\x60\x66\x01\x00\x00\x00\xa5\xfb\xb8\x81\x69\xc0\x02\
        \x5d\xb0\x01\x00\x00\x00\x7a\x32\x02\x69\x54\x77\x02\x83\x3a\x01\x00\x00\x00\x16\xa1\xce\xc7\x5f\x70\x02\
        \x9e\x36\x01\x00\x00\x00\xfe\xcc\xe9\x4f\x3f\xc3\x02\x3d\x87\x01\x00\x00\x00\x5c\xfa\xfa\x26\x7a\x73\x02\
        \x2a\x30\x01\x00\x00\x00\xf0\xf3\x7c\x96\x81\x96\x02\x50\x4f\x01\x00\x00\x00\xa5\xbf\xe3\xdb\x01\xe2\x01\
        \xd4\x40\x01\x00\x00\x00\x2a\x4b\x3f\xa7\x58\x23\x01\x00\xd8\x00\x00\x00\x00\xe7\xe7\x4a\x2e\x08\xd4\x00\
        \x41\xcc\x00\x00\x00\x00\xb4\xe1\x86\xc5\x80\x01\x01\x01\xda\x00\x00\x00\x00\xd6\x27\x91\xa5\x6e\xcc\x00\
        \xc1\xc5\x00\x00\x00\x00\xb3\x45\x3b\x10\x71\x89\x02\x13\xaa\x00\x00\x00\x00\x0d\xb7\xcc\x20\x73\x81\x02\
        \xa2\xa4\x00\x00\x00\x00\xdd\xdc\xa1\x98\x1c\xed\x01\x15\x93\x00\x00\x00\x00\x37\xcb\x37\x62\x63\xe5\x02\
        \x95\xc0\x00\x00\x00\x00\x11\xba\x74\x87\x5d\xb7\x00\x68\x95\x00\x00\x00\x00\x93\x94\x8b\x28\x7c\xcb\x02\
        \x45\x8b\x00\x00\x00\x00\x20\x19\x50\x0c\x29\xce\x02\x59\x8d\x00\x00\x00\x00\x57\x37\xae\xb6\x59\xa7\x02\
        \xfa\x71\x00\x00\x00\x00\xa4\x91\xbb\x54\x78\x17\x00\x19\x62\x00\x00\x00\x00\xea\x6d\xd8\x05\x65\x2c\x01\
        \xbe\x60\x00\x00\x00\x00\x66\xfe\x16\x83\x3f\xeb\x00\xde\x69\x00\x00\x00\x00\xe7\x57\x7e\xfd\x8d\x5b\x02\
        \x89\x58\x00\x00\x00\x00\x07\x2c\x5a\x81\x04\xe4\x00\x3a\x50\x00\x00\x00\x00\x5f\x96\xa1\xc8\x64\x15\x00\
        \xe5\x4d\x00\x00\x00\x00\xb6\xe0\xed\xe6\x6b\xbf\x02\x42\x4c\x00\x00\x00\x00\xaa\x5a\xc7\xe9\x76\x4b\x02\
        \x44\x48\x00\x00\x00\x00\x5d\x73\x01\xaa\x57\x9c\x02\x9d\x49\x00\x00\x00\x00\x1e\x18\x45\xbe\x75\xf0\x02\
        \x5b\x42\x00\x00\x00\x00\x06\x51\x31\x9d\x5d\x05\x03\x28\x41\x00\x00\x00\x00\x7a\x09\x60\x7f\x7e\x70\x00\
        \x0c\x3c\x00\x00\x00\x00\x28\x30\x19\xf3\x43\xe8\x02\x53\x38\x00\x00\x00\x00\x57\x28\xc0\xbd\x54\x99\x01\
        \x26\x39\x00\x00\x00\x00\xf6\xd8\x61\x5c\x80\xbe\x01\x6c\x48\x00\x00\x00\x00\x50\xf9\x67\x4d\x8c\xd9\x00\
        \x46\x35\x00\x00\x00\x00\xc7\x6f\x60\xc1\x71\x9a\x01\xa0\x34\x00\x00\x00\x00\x6d\xd0\xb6\x4d\x20\x2b\x01\
        \xb2\x3c\x00\x00\x00\x00\x2e\x4d\x93\x44\x44\xdd\x02\x75\x30\x00\x00\x00\x00\xca\xec\xe9\xf4\x24\xf1\x02\
        \x88\x2f\x00\x00\x00\x00\xdc\xed\x57\xa6\x4e\xa8\x01\x3b\x2e\x00\x00\x00\x00\x68\xe7\x93\x1b\x5f\x1c\x03\
        \xfb\x2b\x00\x00\x00\x00\x4f\x6e\x6c\xa3\x6b\xa9\x01\xce\x37\x00\x00\x00\x00\x07\x7d\x25\xce\x3f\xff\x02\
        \x95\x2b\x00\x00\x00\x00\x65\xbd\xbe\x9f\x52\xd7\x02\x4b\x33\x00\x00\x00\x00\x41\xf4\xe8\xd9\x87\x94\x02\
        \x52\x2c\x00\x00\x00\x00\x5e\x65\xe0\x07\x3c\x25\x01\xf4\x28\x00\x00\x00\x00\x57\x53\x48\x8e\x0b\x0b\x01\
        \xf0\x25\x00\x00\x00\x00\x26\xce\xcf\x38\x66\xe3\x02\x58\x27\x00\x00\x00\x00\x49\xed\x2f\x3a\x40\xfb\x00\
        \x0d\x23\x00\x00\x00\x00\xc3\x14\x9d\xab\x6f\x0b\x03\x27\x21\x00\x00\x00\x00\xc9\x21\xc9\x1b\x78\x2e\x02\
        \x65\x1f\x00\x00\x00\x00\x70\x66\xb9\xc5\x56\x19\x03\x64\x1f\x00\x00\x00\x00\x23\xdd\x15\xea\x1d\x0e\x03\
        \x77\x22\x00\x00\x00\x00\x22\x37\xf1\xe8\x2a\xd0\x01\x10\x23\x00\x00\x00\x00\x0b\xd3\xd1\x0e\x70\x41\x02\
        \xa0\x21\x00\x00\x00\x00\x4e\x4f\xcf\x93\x69\x3f\x00\xc4\x24\x00\x00\x00\x00\x0e\x64\x56\x16\x65\xd0\x02\
        \xf8\x1a\x00\x00\x00\x00\x68\xcf\xae\xe9\x8a\x71\x01\x64\x1c\x00\x00\x00\x00\xad\xbe\x4d\xf8\x73\xc5\x02\
        \x9c\x1b\x00\x00\x00\x00\x6b\x5e\x40\x3c\x74\x2d\x02\x4c\x1c\x00\x00\x00\x00\x67\x05\x69\xc7\x73\xdb\x02\
        \x4f\x19\x00\x00\x00\x00\x5a\xcc\xf7\xa5\x20\xfa\x00\x88\x18\x00\x00\x00\x00\xb0\x09\xf0\xef\x54\x94\x01\
        \x57\x18\x00\x00\x00\x00\x9f\xcc\xbd\xc8\x67\x79\x01\x7f\x18\x00\x00\x00\x00\xad\xc6\x1c\xea\x8e\xf7\x02\
        \x91\x1a\x00\x00\x00\x00\xd9\x44\x61\xfd\x43\x07\x03\x0a\x17\x00\x00\x00\x00\xcc\x8c\x08\x46\x3c\x82\x01\
        \x51\x19\x00\x00\x00\x00\x35\x0c\x5b\xa9\x6a\x22\x02\xfd\x19\x00\x00\x00\x00\xa3\x7e\xc7\x1a\x81\xca\x02\
        \x13\x1c\x00\x00\x00\x00\x13\xc3\x5d\x6d\x46\xf1\x00\x15\x14\x00\x00\x00\x00\x8a\xeb\x72\xb5\x90\x0e\x02\
        \xf6\x16\x00\x00\x00\x00\x17\xaf\xd4\x87\x62\x70\x01\xff\x13\x00\x00\x00\x00\x9f\xa8\xc7\x9e\x01\x42\x02\
        \x7f\x14\x00\x00\x00\x00\x58\x82\xef\xe8\x03\x8c\x00\x2f\x15\x00\x00\x00\x00\xd1\x13\x53\xe8\x72\xe4\x01\
        \x49\x18\x00\x00\x00\x00\xac\xae\x74\x55\x5a\xa8\x00\x67\x13\x00\x00\x00\x00\x88\x47\xf8\x4d\x1f\x8b\x02\
        \x1b\x12\x00\x00\x00\x00\x23\xe5\x37\xf3\x6b\xad\x01\xd1\x11\x00\x00\x00\x00\xeb\xbe\x51\x7c\x4e\xfb\x02\
        \x7a\x11\x00\x00\x00\x00\x15\x93\x21\xdd\x5e\x04\x03\x5f\x12\x00\x00\x00\x00\x86\xda\xce\xfa\x69\x21\x03\
        \x87\x11\x00\x00\x00\x00\x2f\x9f\x1a\x88\x22\xec\x00\xf7\x0f\x00\x00\x00\x00\x2b\x60\xc5\x49\x1a\xf0\x00\
        \x71\x15\x00\x00\x00\x00\x99\xb9\x67\xe9\x82\x92\x01\xe3\x10\x00\x00\x00\x00\xcb\x70\x39\x35\x6b\xae\x01\
        \x2a\x0f\x00\x00\x00\x00\x76\x6a\x54\x4f\x5f\xff\x00\xa3\x0e\x00\x00\x00\x00\xd7\x49\x60\x6f\x4f\x30\x03\
        \xdb\x0e\x00\x00\x00\x00\xb1\x8e\x25\x23\x33\x64\x01\x32\x0e\x00\x00\x00\x00\x5d\x7c\xcf\x18\x18\x22\x03\
        \xc5\x11\x00\x00\x00\x00\xc2\x40\xf2\x18\x62\xb9\x00\xed\x0d\x00\x00\x00\x00\x22\xde\xd0\xbf\x5f\x03\x01\
        \x0c\x0f\x00\x00\x00\x00\xe4\xe2\xd3\xc2\x1a\x67\x00\xc5\x0d\x00\x00\x00\x00\xc1\xa2\xa4\x92\x63\x31\x00\
        \xa0\x0d\x00\x00\x00\x00\xbc\x19\x84\x48\x7c\x0f\x01\x70\x10\x00\x00\x00\x00\x66\x98\xde\x6c\x37\x16\x03\
        \x71\x11\x00\x00\x00\x00\x5b\xf5\xac\x55\x04\xe0\x01\xff\x0c\x00\x00\x00\x00\x40\x4d\x6f\x5d\x80\xcb\x01\
        \xb4\x0c\x00\x00\x00\x00\xcc\x0f\xae\x79\x3e\x7e\x01\xaf\x0c\x00\x00\x00\x00\x65\xfe\x77\xb6\x71\xc9\x00\
        \xf3\x0d\x00\x00\x00\x00\x48\xc4\x9f\x09\x6c\xfd\x02\x8d\x0d\x00\x00\x00\x00\x48\x65\x53\x1c\x65\xce\x00\
        \x66\x0d\x00\x00\x00\x00\x5c\xb5\x32\xf3\x4d\x9a\x00\x92\x0d\x00\x00\x00\x00\x7c\x4d\x89\x0a\x40\x1a\x03\
        \x22\x0e\x00\x00\x00\x00\x21\x7c\xb8\x72\x7b\xee\x02\x93\x0b\x00\x00\x00\x00\xb2\x72\x49\xea\x1e\x90\x01\
        \x0a\x0b\x00\x00\x00\x00\x69\xf8\xed\x69\x15\x15\x02\x75\x0d\x00\x00\x00\x00\x0f\xc6\xcc\x04\x26\x38\x01\
        \x4b\x0a\x00\x00\x00\x00\x0f\x4c\x99\x5b\x7a\x5d\x01\x7a\x0a\x00\x00\x00\x00\x69\x45\xed\xe0\x62\x34\x03\
        \x5f\x0a\x00\x00\x00\x00\x3d\xe4\x16\x20\x4a\x3f\x01\x72\x09\x00\x00\x00\x00\xa4\xeb\xf6\xab\x62\xb6\x00\
        \xb7\x08\x00\x00\x00\x00\x2c\xd9\xce\xb3\x62\xca\x01\xdc\x08\x00\x00\x00\x00\xe0\x6d\x8d\x94\x80\x37\x01\
        \x2f\x08\x00\x00\x00\x00\xe9\x93\x79\x24\x71\x26\x02\x06\x08\x00\x00\x00\x00\xfe\x6f\x92\x70\x7d\x97\x00\
        \x0a\x08\x00\x00\x00\x00\xa4\xac\xfe\x5b\x58\x18\x03\xe8\x09\x00\x00\x00\x00\xa5\xb6\xd8\x0c\x5c\xb2\x00\
        \x2f\x08\x00\x00\x00\x00\x7d\x82\x5b\x2c\x86\x4d\x01\xe5\x09\x00\x00\x00\x00\x3d\xce\x85\xb4\x87\xc2\x01\
        \xe9\x07\x00\x00\x00\x00\xc1\x24\x01\xf0\x61\x03\x02\xc8\x08\x00\x00\x00\x00\x55\x20\x5c\x89\x25\x8c\x01\
        \x83\x07\x00\x00\x00\x00\x27\xb5\x77\x9d\x6e\x65\x01\xb1\x07\x00\x00\x00\x00\x3a\x31\x53\xe2\x7f\x8f\x02\
        \x54\x07\x00\x00\x00\x00\x5b\xbe\x3b\x20\x4c\x3f\x03\xee\x08\x00\x00\x00\x00\xc4\x76\x79\x6b\x44\x68\x00\
        \xfa\x08\x00\x00\x00\x00\x73\x16\x57\x4e\x3e\xd4\x01\x1a\x08\x00\x00\x00\x00\x0f\x82\xc6\x4b\x88\x5f\x01\
        \x70\x08\x00\x00\x00\x00\x6a\x63\xec\xc9\x5a\x0f\x03\xe3\x06\x00\x00\x00\x00\xca\xe9\x5c\x3b\x4a\x12\x03\
        \x91\x06\x00\x00\x00\x00\x25\xd0\x26\x5b\x12\x35\x03\x49\x08\x00\x00\x00\x00\x31\x55\xee\x8d\x09\x79\x02\
        \x7c\x06\x00\x00\x00\x00\x7f\x2d\x98\x91\x36\x46\x01\x6a\x06\x00\x00\x00\x00\xcc\x64\xa8\xe5\x5e\xc1\x01\
        \x2f\x08\x00\x00\x00\x00\xc4\xb8\x17\x56\x3e\x4f\x01\xb0\x06\x00\x00\x00\x00\x15\xed\x52\xf6\x63\xbf\x01\
        \x40\x07\x00\x00\x00\x00\xd6\xf8\xd5\x7d\x40\x0a\x02\x70\x07\x00\x00\x00\x00\x2f\xe6\xfc\xd3\x39\x31\x03\
        \xd3\x07\x00\x00\x00\x00\xd3\xd4\x3a\x84\x75\x0a\x03\x88\x06\x00\x00\x00\x00\x2b\x28\xa9\xa8\x06\x0c\x01\
        \x2e\x06\x00\x00\x00\x00\x7c\xd5\x3d\x0f\x88\x77\x01\x3b\x06\x00\x00\x00\x00\xff\xce\xf2\x98\x1b\x50\x00\
        \x1b\x06\x00\x00\x00\x00\xf9\xe5\x75\x8a\x46\x02\x02\x06\x06\x00\x00\x00\x00\x16\xdf\xbb\x32\x1a\x1e\x02\
        \x0a\x06\x00\x00\x00\x00\x7e\xd2\xbb\xed\x08\xd5\x00\xb7\x05\x00\x00\x00\x00\x75\xa0\x2a\x37\x0e\xd1\x00\
        \x44\x06\x00\x00\x00\x00\x95\xae\x14\x80\x51\xfe\x01\x9f\x05\x00\x00\x00\x00\xdf\xdc\x2f\x4e\x63\x3d\x01\
        \x4b\x06\x00\x00\x00\x00\x54\xa9\x5d\x15\x7a\x7f\x02\xe7\x05\x00\x00\x00\x00\x4a\x82\x3a\xf6\x7f\x6c\x00\
        \x72\x07\x00\x00\x00\x00\x34\x41\xc0\x0a\x58\x0b\x02\x78\x06\x00\x00\x00\x00\x4c\x85\xfd\xf2\x8d\x56\x01\
        \x07\x07\x00\x00\x00\x00\x1f\x8d\x42\xdf\x87\xf7\x01\x7d\x05\x00\x00\x00\x00\x15\x57\xb7\xba\x64\x3b\x03\
        \x7e\x05\x00\x00\x00\x00\xea\xff\x52\x6b\x5e\x5f\x02\xd5\x05\x00\x00\x00\x00\x34\xc9\x14\xc3\x4c\x23\x02\
        \x16\x06\x00\x00\x00\x00\xe1\x0c\xda\x4e\x23\xf4\x01\x6b\x05\x00\x00\x00\x00\x9d\xd0\x77\xde\x3a\x54\x01\
        \x82\x05\x00\x00\x00\x00\x79\xc0\x4e\xab\x01\x18\x01\x1a\x06\x00\x00\x00\x00\x3e\xe0\x7e\x5e\x2b\x02\x01\
        \x46\x06\x00\x00\x00\x00\xd7\x10\xf4\x9c\x63\x14\x03\x02\x07\x00\x00\x00\x00\xe6\xd2\x8d\xc1\x90\x3d\x00\
        \x8e\x05\x00\x00\x00\x00\xdd\xd4\xf6\xb6\x5c\x44\x03\xeb\x05\x00\x00\x00\x00\xdd\x1c\xf6\x2e\x04\x59\x02\
        \x31\x05\x00\x00\x00\x00\x3a\x93\xb5\x15\x88\xe8\x00\x14\x05\x00\x00\x00\x00\x94\x0e\x7b\xf1\x06\x88\x01\
        \xae\x06\x00\x00\x00\x00\xce\x5b\xdf\x09\x34\x2c\x03\x16\x06\x00\x00\x00\x00\x83\x24\xbf\xd6\x8f\x14\x02\
        \x1f\x05\x00\x00\x00\x00\x14\x41\xdc\x54\x57\x63\x02\xca\x05\x00\x00\x00\x00\xbc\xeb\x28\x57\x13\x49\x01\
        \x9b\x05\x00\x00\x00\x00\x78\xa6\x1c\x70\x05\xef\x01\x75\x04\x00\x00\x00\x00\xaf\xca\xbc\xb3\x50\x15\x01\
        \x6d\x04\x00\x00\x00\x00\x0f\x98\xdb\x82\x41\x8e\x00\x27\x05\x00\x00\x00\x00\xde\xbb\xea\xa7\x71\x6e\x02\
        \xe4\x05\x00\x00\x00\x00\xbd\x24\xc2\x0e\x51\x23\x03\xd5\x04\x00\x00\x00\x00\x4e\xfb\x38\x08\x15\xfb\x01\
        \x76\x04\x00\x00\x00\x00\xd1\x83\x75\xb9\x82\xdb\x00\x34\x04\x00\x00\x00\x00\x0e\x04\x71\x0b\x80\xac\x02\
        \x63\x04\x00\x00\x00\x00\xbb\x27\xcd\xd2\x21\x63\x01\x2b\x04\x00\x00\x00\x00\x82\x71\x3b\x55\x7b\x60\x02\
        \x27\x04\x00\x00\x00\x00\x1b\xb2\x01\x20\x52\x2f\x03\x88\x05\x00\x00\x00\x00\x68\xf9\xb6\xb1\x78\xb5\x02\
        \x1e\x04\x00\x00\x00\x00\x30\xf9\xbd\x0e\x27\x1d\x01\x3a\x05\x00\x00\x00\x00\x50\x6b\xec\x14\x51\x84\x00\
        \x0d\x04\x00\x00\x00\x00\x16\xeb\x65\xd4\x48\x62\x00\x4e\x04\x00\x00\x00\x00\x2e\x26\xc3\x52\x61\xac\x00\
        \xfd\x03\x00\x00\x00\x00\xec\x38\x92\x0c\x83\xb9\x02\xc7\x03\x00\x00\x00\x00\xb8\xb9\x93\x3e\x41\x4c\x03\
        \x52\x04\x00\x00\x00\x00\xbb\xe0\x38\x45\x71\x64\x02\x45\x04\x00\x00\x00\x00\x5b\xf2\x0e\x42\x4b\x06\x01\
        \x31\x04\x00\x00\x00\x00\x26\x4d\x04\x4e\x08\xb6\x02\x54\x04\x00\x00\x00\x00\xe3\xb3\x03\x5c\x38\x83\x00\
        \xeb\x03\x00\x00\x00\x00\xbd\xf8\xfa\x7d\x58\x77\x00\xdb\x03\x00\x00\x00\x00\xec\x62\x8e\xda\x38\x25\x02\
        \x99\x03\x00\x00\x00\x00\x09\x74\x32\x04\x03\x4a\x02\x70\x04\x00\x00\x00\x00\x66\x56\x8a\xc0\x34\x39\x01\
        \x75\x03\x00\x00\x00\x00\xa4\xcb\x1b\x06\x63\x8a\x00\x90\x04\x00\x00\x00\x00\x7f\x04\x93\x7c\x3e\xb1\x00\
        \xc7\x03\x00\x00\x00\x00\x08\xa3\x0d\x3b\x68\xa0\x03\x6b\x03\x00\x00\x00\x00\x3e\xae\x63\x31\x05\x10\x01\
        \x2b\x04\x00\x00\x00\x00\xf1\x77\x6c\x10\x6e\x20\x03\x8d\x04\x00\x00\x00\x00\x21\x95\x23\x54\x24\x9c\x01\
        \xb7\x03\x00\x00\x00\x00\x1b\xdc\x55\x7d\x0b\xe9\x01\x74\x03\x00\x00\x00\x00\x75\xf5\x85\xa0\x6e\x0d\x02\
        \x86\x04\x00\x00\x00\x00\xe1\x00\x62\x11\x80\xb8\x00\x7c\x03\x00\x00\x00\x00\x1c\xba\x6c\xc3\x34\xd8\x00\
        \xac\x03\x00\x00\x00\x00\x2c\x37\x59\x82\x01\xce\x01\x83\x03\x00\x00\x00\x00\x26\x43\xe9\xa9\x29\x1a\x00\
        \x7e\x03\x00\x00\x00\x00\xfb\x17\x48\x63\x47\x87\x03\xa8\x03\x00\x00\x00\x00\xee\x5b\x15\xc8\x7c\xab\x02\
        \x62\x03\x00\x00\x00\x00\xdf\x31\x1a\xcc\x20\xab\x00\x61\x03\x00\x00\x00\x00\x13\xef\x18\x70\x42\xff\x01\
        \x0e\x03\x00\x00\x00\x00\x60\xbd\xe2\x96\x0b\x45\x03\x36\x03\x00\x00\x00\x00\xea\x4a\x7b\x12\x5f\x20\x01\
        \xa5\x03\x00\x00\x00\x00\x9e\x2a\x52\x36\x07\xb7\x01\x09\x04\x00\x00\x00\x00\xa3\x66\x3c\x84\x39\x40\x03\
        \x1f\x03\x00\x00\x00\x00\x79\xcb\x01\x89\x30\xb7\x03\xf9\x03\x00\x00\x00\x00\xc1\x3f\x15\x19\x7a\xe8\x01\
        \xe5\x02\x00\x00\x00\x00\x37\xf4\x6c\xd2\x1e\x53\x01\x4a\x03\x00\x00\x00\x00\xd8\x92\xc8\x08\x4f\x16\x01\
        \x35\x03\x00\x00\x00\x00\xe1\x50\xc6\x45\x0b\xec\x01\x39\x03\x00\x00\x00\x00\x52\xa8\x2e\x24\x51\x1f\x01\
        \x0d\x03\x00\x00\x00\x00\xce\x99\xb3\x34\x18\xe2\x00\xf7\x02\x00\x00\x00\x00\xe6\xbd\xd0\xf1\x58\x92\x03\
        \x93\x03\x00\x00\x00\x00\x36\xc9\xca\x4f\x43\x11\x01\x02\x03\x00\x00\x00\x00\x8d\x00\xaa\x49\x06\x1e\x03\
        \xc3\x02\x00\x00\x00\x00\xcd\x1f\xc7\x81\x86\xfe\x00\x5e\x03\x00\x00\x00\x00\x69\xc2\xed\xb0\x74\xa5\x02\
        \xc7\x02\x00\x00\x00\x00\xff\x08\x65\x48\x70\x33\x00\xb4\x02\x00\x00\x00\x00\xa6\x61\x10\x66\x3d\x21\x00\
        \x03\x03\x00\x00\x00\x00\x2e\xcf\x78\x33\x5a\xa2\x03\x9c\x02\x00\x00\x00\x00\x05\x98\xdc\xc4\x29\xd9\x01\
        \xe4\x02\x00\x00\x00\x00\x08\xf8\x31\x07\x4f\x76\x00\x97\x02\x00\x00\x00\x00\xd0\x36\xa2\xdd\x7a\x6b\x03\
        \xf7\x02\x00\x00\x00\x00\x6a\x29\xe9\xf9\x7e\xa1\x03\xc5\x02\x00\x00\x00\x00\x0f\xe8\x55\x68\x56\x50\x03\
        \xa5\x02\x00\x00\x00\x00\x38\x4f\x4d\xa0\x63\xaf\x03\x10\x03\x00\x00\x00\x00\x6e\x79\xd6\x27\x7c\xe1\x01\
        \x98\x02\x00\x00\x00\x00\xde\xad\x38\xb4\x8d\x03\x03\x83\x02\x00\x00\x00\x00\x57\x1a\xed\xa6\x20\x9b\x03\
        \x90\x02\x00\x00\x00\x00\x00\x7c\x82\x2e\x0e\xe5\x01\xbe\x02\x00\x00\x00\x00\x87\xe6\x72\x1f\x8e\x6e\x03\
        \x29\x03\x00\x00\x00\x00\x26\x17\xb0\xb3\x61\x88\x03\xbc\x02\x00\x00\x00\x00\x86\x1c\x20\x48\x73\xbd\x02\
        \x46\x03\x00\x00\x00\x00\x2d\xbf\x1b\x1c\x69\x49\x02\x72\x02\x00\x00\x00\x00\x68\xce\x47\x15\x66\x1b\x00\
        \xbc\x02\x00\x00\x00\x00\xa9\xc7\x1c\x0b\x58\x29\x03\xbd\x02\x00\x00\x00\x00\xa1\xe2\xb4\xb7\x63\x26\x03\
        \xd9\x02\x00\x00\x00\x00\x1b\x4e\xcc\xba\x6b\x01\x03\x5c\x02\x00\x00\x00\x00\xd4\xad\x6b\x36\x47\x2a\x03\
        \xa6\x02\x00\x00\x00\x00\xa3\xd6\xf4\x0b\x39\x89\x03\x70\x02\x00\x00\x00\x00\x4e\x13\xbc\x52\x0e\x67\x02\
        \xcd\x02\x00\x00\x00\x00\xab\x5b\xd3\x83\x2a\x3a\x03\x69\x02\x00\x00\x00\x00\x06\xf2\x73\xba\x85\x3f\x02\
        \x9b\x02\x00\x00\x00\x00\xd6\x5e\x40\x7b\x62\x6c\x03\x19\x03\x00\x00\x00\x00\x97\x4c\x4a\xe4\x8a\x93\x02\
        \x35\x02\x00\x00\x00\x00\x8a\x8c\x00\x26\x17\xd8\x02\x42\x02\x00\x00\x00\x00\x30\x1b\xaf\xa3\x31\xd2\x00\
        \xf0\x02\x00\x00\x00\x00\xb6\x48\x9c\xb9\x0a\xa6\x01\x66\x02\x00\x00\x00\x00\xc6\xb2\x9b\xae\x03\x9e\x02\
        \x6e\x02\x00\x00\x00\x00\xe7\xea\xdf\x21\x2e\xb2\x03\x66\x02\x00\x00\x00\x00\x6b\x86\x5d\xce\x39\xb0\x03\
        \x4a\x02\x00\x00\x00\x00\x19\xe1\x49\x34\x61\x2b\x03\x56\x02\x00\x00\x00\x00\x2b\xc2\xd8\x43\x7b\x80\x01\
        \x68\x02\x00\x00\x00\x00\x75\x38\xb1\x9f\x30\x30\x00\x92\x02\x00\x00\x00\x00\x97\xba\x45\x36\x38\xa9\x00\
        \xb4\x02\x00\x00\x00\x00\xfa\xa0\xe7\xed\x48\x2b\x00\x39\x02\x00\x00\x00\x00\x2f\x81\xef\x18\x52\x36\x03\
        \x0d\x02\x00\x00\x00\x00\xc2\x8f\x1a\xf4\x4a\x52\x02\xad\x02\x00\x00\x00\x00\x08\x88\xe5\x72\x61\x56\x00\
        \x70\x02\x00\x00\x00\x00\xaa\xaf\x83\x3c\x30\x8d\x00\x0d\x02\x00\x00\x00\x00\x91\x65\xc0\x58\x22\x05\x01\
        \xfc\x01\x00\x00\x00\x00\xa6\xca\x9d\xba\x31\x0f\x00\xf8\x01\x00\x00\x00\x00\xe1\xcc\x20\xab\x83\x08\x03\
        \xa2\x02\x00\x00\x00\x00\x73\x5f\xdd\x5b\x22\x72\x03\x23\x02\x00\x00\x00\x00\x51\xe7\x47\xc0\x06\x89\x00\
        \xb1\x02\x00\x00\x00\x00\x0a\x14\xc4\x6b\x45\x32\x00\x22\x02\x00\x00\x00\x00\x54\xc4\x17\x0e\x69\x91\x03\
        \x31\x02\x00\x00\x00\x00\x66\xde\xdb\xf3\x2a\x71\x00\xec\x01\x00\x00\x00\x00\x00\xd3\x72\x85\x70\x9e\x03\
        \x25\x02\x00\x00\x00\x00\xc2\xd3\xef\x2e\x65\x33\x03\xdf\x01\x00\x00\x00\x00\x8a\xfd\xaa\xc2\x27\x41\x03\
        \x51\x02\x00\x00\x00\x00\x24\x9c\x11\x75\x88\x36\x01\xfe\x01\x00\x00\x00\x00\x66\x5b\x9e\x21\x3d\x50\x01\
        \xe0\x01\x00\x00\x00\x00\x61\x4a\x19\x29\x07\x48\x01\xdb\x01\x00\x00\x00\x00\x4f\x98\x8a\xfa\x60\x5c\x02\
        \x08\x02\x00\x00\x00\x00\xfd\x0f\x9b\x87\x69\x5a\x01\x3f\x02\x00\x00\x00\x00\xbb\x3c\xad\x66\x52\x30\x02\
        \xdc\x01\x00\x00\x00\x00\xd2\xdf\x25\x9e\x7c\x7c\x01\xd6\x01\x00\x00\x00\x00\xf3\x0d\x46\x54\x73\x2c\x00\
        \xd6\x01\x00\x00\x00\x00\x3c\x42\xc6\xfa\x91\x51\x03\x62\x02\x00\x00\x00\x00\x82\x05\x88\x62\x90\xd5\x02\
        \x01\x02\x00\x00\x00\x00\x52\x6a\x07\xc1\x61\x31\x02\x21\x02\x00\x00\x00\x00\x05\x02\xf2\xcb\x1b\xa0\x02\
        \xcd\x01\x00\x00\x00\x00\xfc\x03\x62\xf2\x03\xb3\x03\x66\x02\x00\x00\x00\x00\x28\xbe\xfb\x42\x7e\xed\x02\
        \xe7\x01\x00\x00\x00\x00\xc3\xa4\xa2\x8e\x56\x07\x01\x50\x02\x00\x00\x00\x00\x1f\x9b\x3b\xda\x43\x97\x03\
        \xc1\x01\x00\x00\x00\x00\xce\x22\x7f\x3a\x7a\xa7\x03\xa9\x01\x00\x00\x00\x00\x14\xb2\xb2\x31\x3f\x44\x02\
        \xfe\x01\x00\x00\x00\x00\xd4\x94\x93\x69\x87\x4c\x01\x08\x02\x00\x00\x00\x00\x03\xe1\x9a\xcb\x4b\x8a\x01\
        \xcd\x01\x00\x00\x00\x00\xe0\xf6\xe6\x4a\x5a\xea\x02\xae\x01\x00\x00\x00\x00\x9f\x3d\x4b\xf4\x1d\x22\x01\
        \xb1\x01\x00\x00\x00\x00\x94\xbb\x74\x0d\x50\x5d\x02\xa6\x01\x00\x00\x00\x00\x8f\x8b\x38\x5b\x77\x01\x02\
        \x9a\x01\x00\x00\x00\x00\xcd\xe7\xd0\xed\x1c\x76\x03\x9b\x01\x00\x00\x00\x00\x51\xf2\x59\xb6\x44\x67\x03\
        \xa3\x01\x00\x00\x00\x00\xc9\x94\x30\x2b\x78\x66\x02\x9c\x01\x00\x00\x00\x00\xba\x4c\xa9\x69\x45\x7a\x01\
        \xd8\x01\x00\x00\x00\x00\xb6\x3b\xc7\xd9\x02\xbf\x00\x92\x01\x00\x00\x00\x00\x8a\xb0\x03\x17\x89\xa6\x02\
        \xf9\x01\x00\x00\x00\x00\x57\xbd\xd0\xb2\x22\x54\x03\xb7\x01\x00\x00\x00\x00\x30\x8e\x2c\x49\x47\x99\x02\
        \xaa\x01\x00\x00\x00\x00\x93\xa3\xd2\xb2\x48\xab\x03\xf5\x01\x00\x00\x00\x00\x5d\x6e\x00\x48\x02\xdf\x02\
        \xb2\x01\x00\x00\x00\x00\x3b\x78\xab\xab\x53\x3e\x03\x8e\x01\x00\x00\x00\x00\x76\x3d\x52\x70\x72\x60\x03\
        \xa9\x01\x00\x00\x00\x00\x13\xdb\xbe\x7b\x6e\x4d\x02\x9c\x01\x00\x00\x00\x00\xb6\x6f\x5c\xe8\x91\x26\x01\
        \x79\x01\x00\x00\x00\x00\x87\xec\x66\x43\x83\x18\x02\x78\x01\x00\x00\x00\x00\x89\x97\x26\x70\x18\x20\x00\
        \x83\x01\x00\x00\x00\x00\xd1\xcc\xef\x21\x13\x25\x03\x8e\x01\x00\x00\x00\x00\x12\x68\x0a\x95\x49\x0d\x00\
        \x88\x01\x00\x00\x00\x00\x84\xe7\x67\x6d\x2b\xf2\x01"),
    // Variable 3, tau^2: 186 terms.
    (3, 2, b"\
        \x1d\x49\xbf\x04\x00\x00\xbc\xde\x3d\xa2\x1f\x4e\x01\xfd\xe8\x7d\x00\x00\x00\xf0\x9d\x0a\x86\x86\x31\x01\
        \xb4\x44\x6b\x00\x00\x00\xef\x72\x2c\x3f\x4c\x6b\x01\xef\x15\x51\x00\x00\x00\xcf\xf6\x6b\xcd\x2a\x37\x02\
        \x40\x66\x1c\x00\x00\x00\x84\x7f\x86\x4f\x45\x26\x00\xa0\xc2\x0c\x00\x00\x00\x10\xc1\x8e\xc3\x61\xf5\x00\
        \x44\xb7\x0e\x00\x00\x00\x33\xdf\x1b\x99\x7f\x2a\x01\x88\x33\x06\x00\x00\x00\xe4\xad\x64\x11\x58\x48\x02\
        \x30\x82\x06\x00\x00\x00\xa6\x12\x93\xdc\x33\xab\x01\xf6\xc1\x05\x00\x00\x00\x7f\xf7\x4c\x35\x34\xb1\x02\
        \xfa\x98\x07\x00\x00\x00\x4f\xf6\x59\x25\x49\x00\x00\xb4\x2c\x05\x00\x00\x00\x73\xc8\x38\xa7\x8e\x96\x01\
        \xd1\x89\x05\x00\x00\x00\x74\xe1\x5d\xfa\x7c\xae\x00\x7b\x38\x05\x00\x00\x00\x79\xbd\x6d\x01\x8e\x28\x02\
        \x84\x45\x04\x00\x00\x00\x40\x1d\x00\x39\x63\xee\x00\x0e\x13\x05\x00\x00\x00\x8d\x7d\xd2\x13\x00\xfc\x00\
        \x8f\x81\x03\x00\x00\x00\x75\x0a\xc6\x6a\x10\xc6\x01\xb4\x10\x03\x00\x00\x00\xfb\x35\x01\x6f\x47\x72\x01\
        \xec\x0b\x03\x00\x00\x00\x73\x48\x0d\x1d\x67\x7d\x00\x1a\xed\x03\x00\x00\x00\x84\x35\xfd\x69\x16\xa1\x01\
        \x51\x1d\x02\x00\x00\x00\x90\xdb\x47\x41\x44\x37\x00\xe4\xba\x01\x00\x00\x00\x4d\xe1\xb1\x5a\x12\xc0\x01\
        \x58\x4f\x01\x00\x00\x00\xce\xb8\x24\xbc\x77\xd7\x00\xe7\x71\x01\x00\x00\x00\x76\x6f\x52\xab\x27\xe7\x01\
        \xda\x46\x01\x00\x00\x00\xbd\xe4\x34\x5f\x01\xd0\x00\xba\x25\x01\x00\x00\x00\xf9\x8b\x82\x66\x25\x0c\x02\
        \x35\x12\x01\x00\x00\x00\x5c\xa5\x50\x23\x23\xb3\x00\x51\x39\x01\x00\x00\x00\xce\x51\xaf\x73\x45\xcc\x01\
        \x2d\xdc\x00\x00\x00\x00\xb6\x71\x4e\x1f\x16\x62\x02\x3e\xf1\x00\x00\x00\x00\xd2\x20\x8d\x15\x8e\x24\x02\
        \x79\x03\x01\x00\x00\x00\x8d\x20\x41\x74\x7f\xaa\x00\xd0\xc3\x00\x00\x00\x00\xf3\x6a\x89\x56\x3f\x60\x01\
        \x51\xca\x00\x00\x00\x00\xa8\x62\xdc\x07\x82\x00\x02\xf5\x9b\x00\x00\x00\x00\x3f\x7a\x68\x7f\x8a\x74\x00\
        \x28\xae\x00\x00\x00\x00\x25\x02\xd0\x9f\x80\x23\x01\xb7\xac\x00\x00\x00\x00\x44\x31\x4b\x47\x06\x3c\x01\
        \xb2\x75\x00\x00\x00\x00\x66\xdd\xa7\xdc\x15\x5e\x02\x11\x6f\x00\x00\x00\x00\x70\xba\xd5\xfe\x42\x3b\x01\
        \x09\x67\x00\x00\x00\x00\x6d\x19\xa8\x65\x63\xb8\x02\xb8\x69\x00\x00\x00\x00\x8f\xeb\x93\x68\x41\x65\x02\
        \x8b\x6b\x00\x00\x00\x00\x99\xa4\x71\xaa\x3d\xf4\x02\xa7\x58\x00\x00\x00\x00\x2a\x09\xb9\x36\x04\xcc\x00\
        \xff\x72\x00\x00\x00\x00\x58\x98\xb1\x99\x29\xe2\x01\x27\x4e\x00\x00\x00\x00\xb6\x05\xde\xe5\x00\x07\x02\
        \xcb\x4d\x00\x00\x00\x00\x14\xc3\xc2\xf5\x1a\x61\x01\xc2\x54\x00\x00\x00\x00\xba\x02\x80\x00\x2c\x77\x02\
        \x0e\x45\x00\x00\x00\x00\x24\xec\xe9\x94\x60\xea\x01\xa8\x42\x00\x00\x00\x00\x11\x5b\xe1\x16\x89\x70\x02\
        \xe2\x53\x00\x00\x00\x00\x33\x0e\xf1\x2e\x65\xd4\x00\xb6\x52\x00\x00\x00\x00\x35\x3c\xee\xc0\x0c\x73\x02\
        \xa6\x4d\x00\x00\x00\x00\x5a\x8d\x5c\x8a\x01\xaa\x02\x84\x42\x00\x00\x00\x00\xf5\xc9\x21\x6f\x0c\x86\x02\
        \x4a\x32\x00\x00\x00\x00\x02\xe6\x53\xc9\x5a\x01\x01\x57\x32\x00\x00\x00\x00\xc1\x1e\xaa\xe2\x12\x87\x00\
        \xc4\x2d\x00\x00\x00\x00\x20\x98\x3a\x69\x09\x81\x02\x87\x2d\x00\x00\x00\x00\xfc\xd4\x60\x58\x67\xeb\x00\
        \x0a\x2f\x00\x00\x00\x00\x47\x90\x11\xd4\x33\xb7\x00\x94\x25\x00\x00\x00\x00\xf1\x2d\x9f\xee\x8b\xed\x01\
        \x0c\x28\x00\x00\x00\x00\xdc\x84\x1c\x22\x17\x96\x02\x8e\x23\x00\x00\x00\x00\x8e\x44\x3f\xa2\x25\xc3\x02\
        \x12\x22\x00\x00\x00\x00\x09\x61\x03\xd0\x51\x4b\x02\x5b\x20\x00\x00\x00\x00\x17\x58\xb1\xc7\x82\xa7\x02\
        \xd5\x22\x00\x00\x00\x00\xc4\xb0\x3a\xd0\x91\x2c\x01\x1a\x1f\x00\x00\x00\x00\x9e\xcb\x55\xf5\x0e\x9a\x02\
        \x2a\x1e\x00\x00\x00\x00\xc3\x33\x83\xfd\x03\xc0\x02\x15\x1d\x00\x00\x00\x00\xe6\x86\x73\x14\x15\x70\x00\
        \xa9\x1c\x00\x00\x00\x00\xca\x80\x97\xb8\x14\xbe\x01\x9e\x23\x00\x00\x00\x00\x14\x2d\x6c\x4e\x23\x5b\x02\
        \xfb\x17\x00\x00\x00\x00\x92\x62\x62\x20\x3a\x15\x00\x59\x1b\x00\x00\x00\x00\x53\xf7\xf4\x6c\x67\xd9\x00\
        \x73\x14\x00\x00\x00\x00\x4a\x2b\x32\x04\x41\x3f\x00\xb1\x13\x00\x00\x00\x00\xd8\xbc\xab\x58\x45\x89\x02\
        \x49\x13\x00\x00\x00\x00\xc5\x43\xd1\x08\x01\xbf\x02\x19\x12\x00\x00\x00\x00\x75\x42\x1b\xc6\x34\x9c\x02\
        \x3b\x12\x00\x00\x00\x00\xf3\x18\x92\xc6\x13\x17\x00\xdd\x14\x00\x00\x00\x00\x33\xbc\x94\x17\x14\xcb\x02\
        \x98\x10\x00\x00\x00\x00\xfa\x2f\x4f\xb3\x09\x9a\x01\x5b\x10\x00\x00\x00\x00\xa8\xfc\xcb\xc3\x25\xa8\x01\
        \x2d\x0e\x00\x00\x00\x00\x42\x3d\x3b\x23\x3f\x79\x01\x65\x11\x00\x00\x00\x00\x5d\x3c\x5e\xbd\x1d\x94\x02\
        \xc2\x0c\x00\x00\x00\x00\x30\x0f\x8b\xb6\x0c\xce\x02\x51\x0d\x00\x00\x00\x00\x0c\xed\xa2\x16\x1c\xdd\x02\
        \x5c\x0c\x00\x00\x00\x00\x5e\x3c\x2f\x66\x90\x22\x02\x18\x0c\x00\x00\x00\x00\x5f\x22\x65\x9c\x90\xe5\x02\
        \x4c\x0d\x00\x00\x00\x00\x19\xd6\x7f\xf7\x38\x70\x01\x60\x0c\x00\x00\x00\x00\x6d\xe2\xea\xef\x81\xa8\x00\
        \x99\x08\x00\x00\x00\x00\x7b\x24\xcf\x2d\x7c\xd7\x02\xf9\x09\x00\x00\x00\x00\xe1\xa6\x16\xba\x4a\x41\x02\
        \x52\x09\x00\x00\x00\x00\x6c\x87\x44\xee\x63\x0e\x02\x25\x0a\x00\x00\x00\x00\x0a\x6f\x46\x80\x0d\xf0\x02\
        \xf3\x09\x00\x00\x00\x00\xb0\xa2\xde\x67\x03\xd0\x01\x31\x0a\x00\x00\x00\x00\x68\xec\x18\x61\x70\xf1\x00\
        \x8b\x08\x00\x00\x00\x00\x1d\xbf\x90\xfa\x27\x99\x01\xd2\x08\x00\x00\x00\x00\xd9\x23\xa7\xc1\x8f\xe3\x02\
        \x40\x0a\x00\x00\x00\x00\x2d\xf5\xa9\x29\x37\xb9\x00\x31\x08\x00\x00\x00\x00\x81\x20\x93\x2c\x4d\xc5\x02\
        \xeb\x07\x00\x00\x00\x00\x98\x37\x48\x77\x49\x90\x01\x21\x08\x00\x00\x00\x00\x86\x0e\x2f\x3b\x07\xf1\x02\
        \xb4\x09\x00\x00\x00\x00\xcb\xa4\x03\x1a\x01\xdb\x02\xab\x07\x00\x00\x00\x00\x1c\x80\x52\xe3\x06\xa9\x01\
        \xe7\x08\x00\x00\x00\x00\x01\x91\xf9\xa5\x2d\xe0\x01\x25\x07\x00\x00\x00\x00\x53\x7a\xa9\x68\x6d\xf7\x02\
        \x25\x07\x00\x00\x00\x00\xb2\x50\x3f\xaf\x07\xc9\x00\xf9\x09\x00\x00\x00\x00\x61\xc0\x0a\x0b\x1d\xff\x02\
        \xf9\x06\x00\x00\x00\x00\xa4\x78\xc8\xb9\x51\xae\x01\xfa\x06\x00\x00\x00\x00\xdc\x73\x79\xca\x50\x2d\x02\
        \xce\x06\x00\x00\x00\x00\x0d\x46\xcd\xc6\x38\x31\x00\x3a\x07\x00\x00\x00\x00\xe4\x96\x39\x63\x25\xe8\x02\
        \xb3\x07\x00\x00\x00\x00\xab\x9b\x7d\xe0\x1a\x92\x01\x4b\x06\x00\x00\x00\x00\x42\x2b\x51\xd9\x87\xfa\x00\
        \x67\x06\x00\x00\x00\x00\xca\xb2\x33\x96\x0a\x2e\x02\x5c\x06\x00\x00\x00\x00\x83\x30\x4f\x9d\x88\x05\x03\
        \x33\x08\x00\x00\x00\x00\xe6\x49\xca\xaa\x18\xca\x02\x22\x06\x00\x00\x00\x00\x5b\xae\x4c\xc4\x37\x03\x01\
        \xcf\x07\x00\x00\x00\x00\x46\x60\xbd\xc2\x6b\xfb\x00\xc8\x05\x00\x00\x00\x00\xa5\xf4\xbd\x8e\x00\x8b\x02\
        \xde\x05\x00\x00\x00\x00\xb5\xb2\xb9\xc8\x85\x8c\x00\x59\x07\x00\x00\x00\x00\x38\xf4\x44\x5c\x40\xd0\x02\
        \xbf\x07\x00\x00\x00\x00\x6a\x55\x9b\xa2\x45\x1c\x03\x7a\x05\x00\x00\x00\x00\x67\x10\xfe\xb3\x03\x0b\x03\
        \x96\x04\x00\x00\x00\x00\x1a\xb3\xd4\x2b\x24\xe4\x00\x29\x05\x00\x00\x00\x00\x7b\xd8\x6a\x63\x1d\x42\x02\
        \x7e\x04\x00\x00\x00\x00\x4f\xc9\x2f\xfa\x5f\x77\x01\x38\x04\x00\x00\x00\x00\x7f\xde\x17\xb9\x66\xfe\x01\
        \x72\x04\x00\x00\x00\x00\xf3\xc8\x03\x20\x8a\x04\x03\x09\x04\x00\x00\x00\x00\x74\x79\x57\x48\x83\x77\x00\
        \xb5\x03\x00\x00\x00\x00\x62\xa2\xd1\x65\x8d\x25\x01\xf4\x03\x00\x00\x00\x00\xa0\x0c\x21\xa6\x58\xb9\x02\
        \x9a\x03\x00\x00\x00\x00\x89\xf7\xef\x89\x8f\x03\x02\x93\x03\x00\x00\x00\x00\x28\xb2\x00\xa3\x79\xfb\x02\
        \x5c\x03\x00\x00\x00\x00\xca\x38\x18\xea\x39\x92\x03\x44\x03\x00\x00\x00\x00\xfe\xe4\x26\x4c\x19\x6c\x00\
        \x8d\x04\x00\x00\x00\x00\x5f\xb9\xf6\xe1\x10\xee\x02\x53\x03\x00\x00\x00\x00\xf1\x46\xbc\x48\x6d\x87\x03\
        \x15\x03\x00\x00\x00\x00\xed\xc1\x83\x0b\x5b\xa7\x03\x4e\x03\x00\x00\x00\x00\xac\xbf\x64\xef\x11\x89\x03\
        \x9c\x03\x00\x00\x00\x00\xc4\x1d\xb1\x64\x21\xc2\x01\x25\x03\x00\x00\x00\x00\x20\xc7\x09\x68\x8e\xa0\x03\
        \x20\x03\x00\x00\x00\x00\xd0\xbe\xac\x0e\x33\xa2\x03\x2c\x03\x00\x00\x00\x00\xb2\xd8\x8b\x87\x74\xd5\x00\
        \x49\x03\x00\x00\x00\x00\x0b\x0b\x90\x84\x1c\x0a\x02\xd0\x02\x00\x00\x00\x00\x30\xe3\xfd\x31\x5c\xdb\x00\
        \xc7\x02\x00\x00\x00\x00\xa0\xe3\x3e\xdd\x1c\x83\x00\x79\x03\x00\x00\x00\x00\xbc\xd0\x05\x63\x02\x21\x03\
        \x5a\x03\x00\x00\x00\x00\xe1\x0e\xc9\x55\x23\x07\x03\x64\x03\x00\x00\x00\x00\xe6\xa7\x22\x4e\x3e\x44\x03\
        \xc6\x02\x00\x00\x00\x00\x55\xe3\x14\x2d\x0f\x16\x03\xe7\x02\x00\x00\x00\x00\xf2\x5e\x41\x18\x0e\x7f\x02\
        \x79\x02\x00\x00\x00\x00\xc8\x31\xb4\x10\x20\x8e\x00\x62\x03\x00\x00\x00\x00\x75\x71\x26\x82\x46\x33\x03\
        \xdd\x02\x00\x00\x00\x00\xac\x79\xeb\x1b\x88\x19\x03\xb3\x02\x00\x00\x00\x00\x67\xc8\xa9\x8e\x1a\x1a\x03\
        \x51\x02\x00\x00\x00\x00\x6a\xc1\x61\xf9\x29\x0b\x01\x94\x02\x00\x00\x00\x00\x7f\x93\xc4\xfa\x8b\x26\x02\
        \x03\x03\x00\x00\x00\x00\x25\x7a\xf1\xf1\x8b\xfd\x02\x4a\x02\x00\x00\x00\x00\x44\x0b\x52\x48\x84\x84\x00\
        \x7f\x02\x00\x00\x00\x00\x76\x79\x5a\x18\x6f\xef\x01\x0e\x03\x00\x00\x00\x00\xae\xb6\x48\xc4\x3a\x4f\x03\
        \x77\x02\x00\x00\x00\x00\xd0\x63\xe0\x07\x35\xea\x02\x0b\x03\x00\x00\x00\x00\x56\x45\x34\x8e\x37\x3f\x03\
        \x48\x02\x00\x00\x00\x00\x53\xd3\xc0\xf9\x45\x72\x02\x1f\x02\x00\x00\x00\x00\xe5\x41\xea\x28\x48\x41\x03\
        \x17\x02\x00\x00\x00\x00\xbb\x40\x84\x62\x38\xca\x01\xa9\x02\x00\x00\x00\x00\xd5\x38\xe6\xaa\x1b\xcb\x01\
        \x6d\x02\x00\x00\x00\x00\x10\xf2\x90\xfa\x1c\x57\x03\xcd\x02\x00\x00\x00\x00\x5b\x10\x94\x71\x60\xa1\x03\
        \x22\x02\x00\x00\x00\x00\xf7\x2c\x16\xe2\x4f\x3d\x00\x21\x02\x00\x00\x00\x00\x89\xd6\x0c\xa6\x83\x18\x03\
        \x1a\x02\x00\x00\x00\x00\x7a\x9d\x67\xa1\x72\x06\x01\x16\x02\x00\x00\x00\x00\x53\x4a\x31\x43\x17\x11\x01\
        \x1d\x02\x00\x00\x00\x00\x3d\xe4\xac\x2f\x90\xe2\x02\xff\x01\x00\x00\x00\x00\xa2\x2b\x4d\x7f\x4c\x1a\x00\
        \x19\x02\x00\x00\x00\x00\x4c\xc6\x81\x25\x7c\x23\x03\x8b\x02\x00\x00\x00\x00\x9f\x36\x75\x41\x77\x38\x03\
        \xfe\x01\x00\x00\x00\x00\x00\x82\x13\xb8\x7c\x2f\x00\x20\x02\x00\x00\x00\x00\xd6\x64\x93\x41\x2a\x6e\x02\
        \xaa\x01\x00\x00\x00\x00\x29\x72\x1f\x17\x31\x9a\x00\x04\x02\x00\x00\x00\x00\x6f\xe9\x82\xab\x5a\x11\x03\
        \x1f\x02\x00\x00\x00\x00\xe1\x98\x2f\x99\x81\x12\x03\x07\x02\x00\x00\x00\x00\x22\xac\x75\x9b\x38\x50\x03\
        \x94\x01\x00\x00\x00\x00\x1e\x34\x9a\xb0\x40\x27\x00\x15\x02\x00\x00\x00\x00\x71\x8f\x63\x14\x6f\x47\x03\
        \x82\x01\x00\x00\x00\x00\x19\xf9\xfc\x26\x8d\xac\x00\xe2\x01\x00\x00\x00\x00\x1e\xf7\xc5\x03\x09\x0e\x03\
        \xb2\x01\x00\x00\x00\x00\x89\xa8\x9e\xf6\x7c\x14\x03\x72\x01\x00\x00\x00\x00\x13\xa3\x9f\xab\x8c\xbd\x02"),
    // Variable 3, tau^3: 97 terms.
    (3, 3, b"\
        \x2d\xb3\x35\x00\x00\x00\xb9\xd6\x83\x0c\x8d\x4e\x01\x81\x60\x10\x00\x00\x00\xcc\xdc\xff\xf4\x26\x6b\x01\
        \xae\xf8\x0d\x00\x00\x00\x31\x07\xb2\xe7\x20\x31\x01\x96\x36\x05\x00\x00\x00\xb3\x3e\xff\x2c\x0c\x37\x02\
        \xa1\xe3\x03\x00\x00\x00\x5f\x9c\x91\xda\x1b\x26\x00\x25\x61\x03\x00\x00\x00\x5f\x29\x68\x2c\x16\x2a\x01\
        \x9c\x0d\x01\x00\x00\x00\x23\x59\xaa\xd3\x34\x48\x02\xb1\x5e\x01\x00\x00\x00\x4f\xf6\x59\x25\x49\x00\x00\
        \x1d\xe2\x00\x00\x00\x00\xb3\xd9\xc9\xe1\x20\x72\x01\x64\xe1\x00\x00\x00\x00\x48\x48\x1b\x3d\x0c\xab\x01\
        \x0d\xc8\x00\x00\x00\x00\x3e\x34\x3c\x3b\x8b\xee\x00\x78\xb7\x00\x00\x00\x00\x5c\xe0\x49\xc1\x24\x96\x01\
        \xf8\xa6\x00\x00\x00\x00\x28\x6d\xf7\x72\x8e\xf5\x00\x44\x92\x00\x00\x00\x00\xd9\xe0\x43\x7c\x1b\x37\x00\
        \x18\x84\x00\x00\x00\x00\xab\x3b\x90\xc8\x26\x28\x02\xbe\x79\x00\x00\x00\x00\xac\x48\xc8\x52\x18\xb1\x02\
        \xf7\x74\x00\x00\x00\x00\xdb\x83\xaf\xea\x6b\xfc\x00\x16\x83\x00\x00\x00\x00\x82\x71\xaf\xc1\x13\xae\x00\
        \xe5\x50\x00\x00\x00\x00\x96\x22\x72\x49\x3a\xc0\x01\x86\x38\x00\x00\x00\x00\x9a\x80\xb0\x60\x16\x23\x01\
        \xae\x32\x00\x00\x00\x00\xc5\xd7\x07\x04\x23\x24\x02\x4c\x2d\x00\x00\x00\x00\x73\x01\x7b\xb9\x52\xd7\x00\
        \x45\x30\x00\x00\x00\x00\x7a\x7e\xbc\xb8\x3c\xc6\x01\xd9\x3a\x00\x00\x00\x00\x8a\x9c\xe5\x7a\x14\xaa\x00\
        \x36\x2b\x00\x00\x00\x00\xdb\x7e\x89\xa4\x29\xd0\x00\x50\x29\x00\x00\x00\x00\x4a\x64\xda\x0f\x00\x0c\x02\
        \x46\x26\x00\x00\x00\x00\xdb\x8e\x12\x69\x91\x7d\x00\x45\x1a\x00\x00\x00\x00\x4a\x5d\x1b\x61\x2b\xcc\x00\
        \xad\x23\x00\x00\x00\x00\x9d\x7e\x77\x93\x50\xe7\x01\xaa\x1c\x00\x00\x00\x00\x12\x83\x8c\xe7\x1d\xcc\x01\
        \x0e\x1c\x00\x00\x00\x00\x55\xe3\xd0\x5a\x15\x00\x02\x6a\x15\x00\x00\x00\x00\xec\x67\xe3\x8e\x1f\x74\x00\
        \x62\x1a\x00\x00\x00\x00\x18\x76\xb4\x5e\x50\xe2\x01\x12\x12\x00\x00\x00\x00\xa4\x91\x37\x06\x42\xb8\x02\
        \x0a\x10\x00\x00\x00\x00\xd8\x0a\xf3\x19\x8c\xb3\x00\x66\x0f\x00\x00\x00\x00\x77\x75\xd9\xcb\x1b\x65\x02\
        \x8d\x0d\x00\x00\x00\x00\x8d\x52\x6c\x2e\x8e\xeb\x00\x2d\x0b\x00\x00\x00\x00\x63\x59\x27\x1a\x36\x5e\x02\
        \xd7\x09\x00\x00\x00\x00\x9d\x0c\x3f\xe5\x09\xb7\x00\xa4\x09\x00\x00\x00\x00\xfe\x30\x55\xe4\x2a\x60\x01\
        \x12\x09\x00\x00\x00\x00\x66\x6f\xdc\xb4\x24\xf4\x02\xeb\x08\x00\x00\x00\x00\xa7\x9d\x9c\x1f\x03\xa1\x01\
        \xc3\x08\x00\x00\x00\x00\xca\x8e\x43\xa5\x2c\x4b\x02\xed\x08\x00\x00\x00\x00\xa4\x59\xbd\x58\x8a\x62\x02\
        \x59\x08\x00\x00\x00\x00\x64\xe4\xeb\xe6\x18\x3f\x00\xd3\x09\x00\x00\x00\x00\xdd\xde\xfc\xcd\x07\x77\x02\
        \xfa\x07\x00\x00\x00\x00\xf2\xb4\x6f\x04\x8a\x87\x00\x87\x07\x00\x00\x00\x00\x89\x60\x52\x32\x3c\x70\x00\
        \xe5\x07\x00\x00\x00\x00\xe6\x0e\xfe\xa1\x33\x01\x01\x97\x07\x00\x00\x00\x00\xa1\x9a\xba\x14\x22\x70\x02\
        \xa4\x06\x00\x00\x00\x00\x11\x9d\x0e\xe1\x2b\x3b\x01\x17\x07\x00\x00\x00\x00\xba\x34\xc9\x4f\x3e\xd9\x00\
        \x1d\x07\x00\x00\x00\x00\x8d\xc4\x66\x29\x40\xbe\x01\x14\x08\x00\x00\x00\x00\xd5\xce\x9f\xd1\x49\x5b\x02\
        \x4a\x07\x00\x00\x00\x00\x16\xed\x49\x3e\x35\x81\x02\xf6\x05\x00\x00\x00\x00\x42\xb2\xd5\x39\x68\xed\x01\
        \xe4\x05\x00\x00\x00\x00\xd9\x02\x70\xb5\x02\x07\x02\x77\x06\x00\x00\x00\x00\x78\xec\xe1\x52\x0a\x61\x01\
        \x24\x06\x00\x00\x00\x00\xd6\xf0\xb3\xad\x0a\x3c\x01\x89\x04\x00\x00\x00\x00\xbf\xfd\x84\x49\x48\x0e\x02\
        \x8a\x04\x00\x00\x00\x00\xf7\x27\x11\xc5\x1b\xa7\x02\x74\x04\x00\x00\x00\x00\xa4\x95\x0f\x5a\x39\xea\x01\
        \xeb\x04\x00\x00\x00\x00\x18\xfa\xe2\x19\x1d\x22\x02\x74\x05\x00\x00\x00\x00\xe2\xea\x59\x33\x10\x79\x01\
        \x9e\x04\x00\x00\x00\x00\x65\xe0\x2f\xf7\x2c\xaa\x02\x7e\x03\x00\x00\x00\x00\x78\xf5\xc3\x88\x42\x2c\x01\
        \xd7\x03\x00\x00\x00\x00\x47\x85\xf1\x22\x61\x18\x03\x25\x04\x00\x00\x00\x00\xcb\xf4\xa2\x88\x0f\x70\x01\
        \x5b\x03\x00\x00\x00\x00\xa6\x59\x66\x89\x72\x90\x01\x96\x03\x00\x00\x00\x00\x29\xbd\xd7\x03\x72\xbd\x02\
        \x62\x03\x00\x00\x00\x00\xca\x8b\x89\xe2\x45\x86\x02\x5b\x04\x00\x00\x00\x00\x1e\x52\xac\x96\x16\xb9\x00\
        \x77\x03\x00\x00\x00\x00\x01\xb8\x2e\xd6\x55\xe0\x01\xe1\x02\x00\x00\x00\x00\x5d\x74\xf9\x83\x4a\xf7\x02\
        \xda\x02\x00\x00\x00\x00\x5f\x26\xac\x36\x36\x05\x03\x3c\x03\x00\x00\x00\x00\x66\x25\x51\x86\x17\xa8\x00\
        \x0a\x03\x00\x00\x00\x00\x1f\x79\x36\xe4\x05\x59\x02\xf5\x02\x00\x00\x00\x00\x12\x30\x4e\x35\x34\x16\x03\
        \xd0\x02\x00\x00\x00\x00\xef\x68\x36\xfd\x0c\x03\x01\xa0\x02\x00\x00\x00\x00\x35\xc2\xcf\x18\x61\xc3\x02\
        \xb3\x02\x00\x00\x00\x00\x45\x77\x0f\x95\x86\x9c\x02\x63\x02\x00\x00\x00\x00\x90\xda\x90\x26\x3e\x73\x02\
        \x50\x02\x00\x00\x00\x00\x3e\x99\x3d\xcd\x34\x96\x02\x31\x02\x00\x00\x00\x00\xac\x50\x5a\x54\x8e\x79\x02\
        \x36\x02\x00\x00\x00\x00\x53\xca\x3d\x01\x2d\x19\x03\x21\x02\x00\x00\x00\x00\x94\x30\x2d\x83\x33\x41\x02\
        \x80\x02\x00\x00\x00\x00\x64\x28\x5f\x97\x39\xc5\x02\xb6\x02\x00\x00\x00\x00\xb6\x84\x76\xcb\x6d\xd0\x01\
        \x5c\x02\x00\x00\x00\x00\xc8\x2e\x3f\xf7\x2d\xbf\x02\xf5\x01\x00\x00\x00\x00\x2a\x7b\x39\x1b\x39\x6c\x00\
        \x28\x02\x00\x00\x00\x00\xe3\x62\x73\xed\x65\x8b\x02\x2c\x02\x00\x00\x00\x00\x27\x76\x11\xd6\x7b\x0a\x03\
        \x4d\x02\x00\x00\x00\x00\xd2\x2a\xc3\x99\x04\x31\x00\xf1\x01\x00\x00\x00\x00\x0e\xb8\xbf\xd8\x3a\xfb\x02\
        \xa0\x01\x00\x00\x00\x00\x30\xe7\x92\x23\x90\xfe\x01\xb1\x01\x00\x00\x00\x00\xd5\x61\x0d\x2c\x87\x9a\x02\
        \x8b\x01\x00\x00\x00\x00\x37\xbc\xa6\x9c\x36\xc9\x00"),
    // Variable 3, tau^4: 45 terms.
    (3, 4, b"\
        \x6f\xf6\x01\x00\x00\x00\x3f\x67\x8e\xf1\x01\x6b\x01\x32\xbb\x01\x00\x00\x00\x44\x91\x2e\xe9\x62\x4e\x01\
        \x10\x43\x01\x00\x00\x00\xc7\xf9\xad\xc9\x4c\x31\x01\x09\x94\x00\x00\x00\x00\x58\x9a\x11\xa8\x3f\x2a\x01\
        \x59\x68\x00\x00\x00\x00\xd3\x15\xdd\x7a\x84\x26\x00\x90\x45\x00\x00\x00\x00\x3c\xe1\x5b\xd0\x7d\x37\x02\
        \x14\x31\x00\x00\x00\x00\xfd\x09\x2f\xd3\x8b\x72\x01\x38\x24\x00\x00\x00\x00\xf4\x57\x42\x9b\x11\x48\x02\
        \xcd\x1f\x00\x00\x00\x00\x8d\x77\x30\x4d\x84\x37\x00\x1e\x18\x00\x00\x00\x00\x9e\xe7\xb7\xc9\x76\xab\x01\
        \x08\x1b\x00\x00\x00\x00\x57\x89\xa2\x1c\x21\xee\x00\xcf\x14\x00\x00\x00\x00\xb9\x41\xc8\xb9\x4d\x96\x01\
        \x4f\x0b\x00\x00\x00\x00\xb3\x7f\xac\xca\x4e\x28\x02\x88\x0a\x00\x00\x00\x00\x51\xb0\x43\x65\x61\xc0\x01\
        \x83\x09\x00\x00\x00\x00\x44\xf3\x4a\xf3\x44\xfc\x00\x80\x08\x00\x00\x00\x00\xd7\xd3\x54\xa4\x90\xb1\x02\
        \xd8\x07\x00\x00\x00\x00\xde\x9d\x5e\x15\x49\x24\x02\x19\x07\x00\x00\x00\x00\x88\xba\x9e\xf3\x3f\xae\x00\
        \x5b\x07\x00\x00\x00\x00\xa1\x4f\xdf\xbb\x2b\xf5\x00\xdd\x05\x00\x00\x00\x00\x60\xb0\x9c\x8d\x1d\xb8\x02\
        \xa5\x06\x00\x00\x00\x00\x10\x10\xbb\x47\x3c\xaa\x00\x99\x06\x00\x00\x00\x00\x00\x00\x00\x00\x00\x00\x00\
        \x7c\x04\x00\x00\x00\x00\x25\x43\xb4\xd1\x78\xe2\x01\x09\x04\x00\x00\x00\x00\xf6\x75\x57\xba\x7c\xb7\x00\
        \x6a\x03\x00\x00\x00\x00\x93\xb3\xea\xeb\x86\x65\x02\x56\x03\x00\x00\x00\x00\xa6\x17\x7d\x0c\x6a\x0c\x02\
        \x91\x03\x00\x00\x00\x00\x0d\xe1\x61\x26\x2c\x5b\x02\xb5\x03\x00\x00\x00\x00\xee\x8f\xb4\xf8\x0f\x81\x02\
        \x14\x03\x00\x00\x00\x00\xd4\x52\x16\x9a\x21\x77\x02\x06\x03\x00\x00\x00\x00\xba\xe3\x7e\xd6\x4a\x23\x01\
        \x99\x03\x00\x00\x00\x00\xf7\xa7\x75\x32\x7c\x79\x01\xa9\x02\x00\x00\x00\x00\x0d\xa7\x4a\x6e\x0a\x4b\x02\
        \xa9\x02\x00\x00\x00\x00\x9a\x9b\x00\x68\x79\x3f\x00\x4b\x02\x00\x00\x00\x00\x28\xa9\x74\x87\x6a\x87\x00\
        \x42\x02\x00\x00\x00\x00\x6f\xfd\x03\xe4\x2d\xae\x01\x54\x02\x00\x00\x00\x00\x55\xdb\xf0\x5d\x42\xa8\x00\
        \x57\x02\x00\x00\x00\x00\x6b\xc5\xaf\x9c\x38\x8c\x00\x20\x02\x00\x00\x00\x00\xaf\x4f\x65\x59\x0c\xd9\x00\
        \x21\x02\x00\x00\x00\x00\x07\xd7\x1d\x99\x51\xcc\x00\x1a\x02\x00\x00\x00\x00\xff\x90\xb8\x4a\x62\x70\x00\
        \xf5\x02\x00\x00\x00\x00\x87\xda\xa4\x46\x35\x00\x02\x32\x02\x00\x00\x00\x00\x68\x47\xea\x98\x22\x15\x00\
        \x77\x02\x00\x00\x00\x00\x05\x27\x19\xcf\x2a\x31\x00\xf8\x01\x00\x00\x00\x00\x8f\xcd\x00\x81\x30\x7d\x00\
        \xce\x01\x00\x00\x00\x00\x0b\xfa\xf7\x57\x09\x01\x01"),
    // Variable 3, tau^5: 9 terms.
    (3, 5, b"\
        \xb9\x2b\x00\x00\x00\x00\x17\xd0\x53\x6d\x6e\x6b\x01\xc0\x10\x00\x00\x00\x00\x8d\x2d\x69\x7c\x89\x31\x01\
        \xd4\x07\x00\x00\x00\x00\xa3\xd3\x53\x06\x55\x26\x00\x46\x08\x00\x00\x00\x00\xac\xec\x1d\xc1\x81\x2a\x01\
        \x74\x07\x00\x00\x00\x00\x36\xed\xb5\x09\x64\x72\x01\xfe\x05\x00\x00\x00\x00\x68\x7d\x69\x36\x7f\x48\x02\
        \x3c\x06\x00\x00\x00\x00\x5b\x2b\x32\xb4\x5f\x37\x02\x15\x05\x00\x00\x00\x00\x03\xac\xdf\xd5\x56\x37\x00\
        \x09\x04\x00\x00\x00\x00\x94\x3e\x22\xee\x68\x4e\x01"),
];
